customer_id,first_name,last_name,email,gender,phone,dob,customer_since,nationality
1,Steward,Guttridge,sguttridge0@google.co.jp,Male,796-279-5612,1964-08-13,2017-01-30,Italy
2,Alexio,Harbertson,aharbertson1@google.it,Male,300-895-7952,1970-08-09,2014-01-05,Brazil
3,Pierson,Jellico,pjellico2@is.gd,Male,703-471-5128,1950-05-11,2017-06-21,Philippines
4,Wildon,Gilphillan,wgilphillan3@prnewswire.com,Male,140-381-7339,1973-05-14,2016-10-16,France
5,Julieta,Edgecombe,jedgecombe4@jimdo.com,Female,740-362-9031,1956-10-26,2020-04-26,Russia
6,Brockie,Thorald,bthorald5@apple.com,Male,892-143-3364,1957-10-23,2015-11-27,Vietnam
7,Franny,Fitch,ffitch6@i2i.jp,Female,429-620-8594,1955-01-21,2017-05-01,Uruguay
8,Mathias,Lowndes,mlowndes7@hubpages.com,Male,200-195-8078,1950-03-25,2020-03-15,Greece
9,Audi,Barley,abarley8@google.com,Female,337-729-6529,1951-09-05,2021-09-07,Netherlands
10,Jacquelin,Writer,jwriter9@icio.us,Female,583-956-2681,1977-02-17,2014-03-05,Lithuania
11,Eugenius,Palffy,epalffya@drupal.org,Male,192-519-6957,1977-05-28,2012-01-12,Myanmar
12,Chandler,Kubecka,ckubeckab@1688.com,Male,184-486-6789,1985-10-22,2021-11-10,China
13,Leon,Seelbach,lseelbachc@bloomberg.com,Male,661-617-9491,1977-07-02,2015-10-21,Indonesia
14,Antonie,Kilmurry,akilmurryd@ning.com,Female,471-308-8759,1960-01-02,2016-04-13,Ukraine
15,Alanna,Arr,aarre@usa.gov,Female,376-236-2855,1952-07-05,2012-12-22,Philippines
16,Ellis,Prevett,eprevettf@nps.gov,Male,880-526-2470,1970-04-18,2014-04-03,China
17,Haley,Farfull,hfarfullg@sitemeter.com,Male,681-179-7939,1964-04-07,2018-03-29,Macedonia
18,Ajay,Cardero,acarderoh@bing.com,Female,333-619-3649,1962-09-27,2014-05-07,Myanmar
19,Marve,Velten,mvelteni@g.co,Male,627-834-1241,1981-06-17,2015-12-05,China
20,Francisca,Jankovsky,fjankovskyj@independent.co.uk,Female,450-770-1925,1951-04-12,2013-11-27,Finland
21,Beverlie,Huzzay,bhuzzayk@ovh.net,Female,986-874-2012,1951-09-19,2013-01-05,China
22,Cam,Jeenes,cjeenesl@godaddy.com,Male,650-751-5922,1971-02-25,2015-09-11,United States
23,Pamella,Woollacott,pwoollacottm@nydailynews.com,Female,681-880-1071,1968-05-08,2021-10-10,Czech Republic
24,Ceciley,Bickerdyke,cbickerdyken@earthlink.net,Female,177-544-3787,1950-05-12,2017-03-11,China
25,Ike,Jeaycock,ijeaycocko@cnn.com,Male,981-292-6503,1966-05-15,2016-04-20,Indonesia
26,Rozalie,Oboy,roboyp@quantcast.com,Female,353-671-3930,1966-05-20,2018-02-07,Sweden
27,Granger,McInulty,gmcinultyq@scientificamerican.com,Male,485-850-5566,1950-02-28,2012-04-29,Mexico
28,Kimbell,McPhee,kmcpheer@ehow.com,Male,411-300-3110,1981-10-14,2015-09-27,Indonesia
29,Christin,Manjin,cmanjins@photobucket.com,Female,228-984-3075,1975-01-28,2019-12-31,Malaysia
30,Greg,Sugg,gsuggt@reddit.com,Male,713-216-6869,1976-02-20,2021-04-07,Afghanistan
31,Spenser,Petican,speticanu@wikimedia.org,Male,646-307-9080,1952-03-08,2013-09-02,Colombia
32,Simona,Bergin,sberginv@theglobeandmail.com,Female,463-878-5069,1953-08-09,2021-12-12,Argentina
33,Evangelin,Woolager,ewoolagerw@dailymotion.com,Female,408-584-0943,1956-04-26,2017-12-30,Finland
34,Sherri,Bloxsum,sbloxsumx@goo.gl,Female,587-220-2485,1969-07-01,2019-01-25,Indonesia
35,Vin,Caston,vcastony@prweb.com,Male,160-835-4407,1975-01-05,2015-02-04,Japan
36,Maribel,Tattersfield,mtattersfieldz@cnbc.com,Female,574-442-1850,1979-11-29,2012-05-26,Uzbekistan
37,Ellyn,Ridgers,eridgers10@furl.net,Female,381-393-4595,1979-04-12,2016-03-12,China
38,Demetrius,Olyfant,dolyfant11@barnesandnoble.com,Male,185-260-6653,1989-04-16,2021-11-22,Finland
39,Aila,Heminsley,aheminsley12@printfriendly.com,Female,837-564-1070,1988-04-16,2015-12-05,Netherlands
40,Bert,Bithell,bbithell13@infoseek.co.jp,Female,753-805-4297,1967-10-05,2013-09-29,Indonesia
41,Aylmer,Perez,aperez14@addthis.com,Male,769-647-9789,1956-07-23,2015-11-11,China
42,Nil,Middas,nmiddas15@youtube.com,Male,187-396-5087,1963-11-10,2019-11-28,China
43,Cayla,Franzini,cfranzini16@samsung.com,Female,543-369-9578,1989-09-16,2021-02-10,Central African Republic
44,Lil,d'Arcy,ldarcy17@dagondesign.com,Female,743-210-9986,1981-04-26,2017-12-23,Thailand
45,Horace,Steckings,hsteckings18@ft.com,Male,489-232-9418,1978-06-30,2018-10-29,Russia
46,Barnard,Blampied,bblampied19@mapy.cz,Male,329-897-6307,1963-08-16,2015-05-31,Indonesia
47,Tim,Kilgannon,tkilgannon1a@pbs.org,Male,349-669-7251,1962-07-10,2021-01-05,China
48,Portie,Harrell,pharrell1b@who.int,Male,370-514-8675,1978-03-31,2013-08-23,Venezuela
49,Ryon,Rich,rrich1c@irs.gov,Male,913-222-7962,1986-09-29,2015-08-18,Slovenia
50,Ronalda,Crebo,rcrebo1d@cdc.gov,Female,268-773-5434,1987-11-29,2019-03-05,Madagascar
51,Josiah,Collard,jcollard1e@lycos.com,Male,472-994-8688,1969-10-30,2013-10-17,Croatia
52,Melva,Embling,membling1f@si.edu,Female,640-296-8730,1971-09-14,2014-09-16,Russia
53,Sorcha,Alyutin,salyutin1g@w3.org,Female,339-914-2128,1982-12-17,2016-11-01,Portugal
54,Dniren,Hiscocks,dhiscocks1h@tamu.edu,Female,546-527-7351,1986-05-07,2015-06-10,Vietnam
55,Tamas,Mowday,tmowday1i@gov.uk,Male,595-653-7363,1979-07-03,2019-01-19,Somalia
56,Fedora,Matejic,fmatejic1j@answers.com,Female,992-548-0010,1958-10-31,2014-07-10,Canada
57,Nelie,Orring,norring1k@virginia.edu,Female,188-653-3991,1986-02-09,2016-09-20,China
58,Mercie,Saywell,msaywell1l@paypal.com,Female,532-637-2072,1973-04-27,2012-08-18,Argentina
59,Verine,Jiricka,vjiricka1m@51.la,Female,101-209-1611,1967-07-09,2015-11-14,Ukraine
60,Saundra,Fritchly,sfritchly1n@chron.com,Male,631-541-8056,1961-02-04,2020-01-19,Brazil
61,Katusha,Merrisson,kmerrisson1o@sourceforge.net,Female,941-849-8358,1961-08-09,2012-07-27,China
62,Dorelle,Portwain,dportwain1p@ibm.com,Female,930-957-9053,1982-08-19,2014-01-04,Poland
63,Querida,Crosfeld,qcrosfeld1q@nba.com,Female,967-506-2430,1977-03-04,2012-10-08,Portugal
64,Justin,Belvard,jbelvard1r@apache.org,Male,247-741-5733,1964-01-19,2012-11-10,Nigeria
65,Erena,Zotto,ezotto1s@rakuten.co.jp,Female,758-498-3080,1964-10-06,2020-02-09,China
66,Tirrell,Annion,tannion1t@thetimes.co.uk,Male,968-259-2472,1986-03-25,2018-03-06,Brazil
67,Chic,Eadon,ceadon1u@g.co,Male,561-375-3805,1981-03-20,2019-11-26,France
68,Linette,Swatridge,lswatridge1v@wufoo.com,Female,531-355-5269,1973-08-27,2020-05-29,China
69,Evyn,Capes,ecapes1w@bravesites.com,Male,516-780-4848,1965-08-21,2017-01-13,Philippines
70,Mallorie,Standering,mstandering1x@goo.ne.jp,Female,517-304-9878,1970-03-23,2013-10-31,Colombia
71,Gradey,Ollerearnshaw,gollerearnshaw1y@vk.com,Male,271-615-3385,1953-08-19,2015-07-26,China
72,Averil,Heaphy,aheaphy1z@ezinearticles.com,Female,545-494-7569,1982-11-10,2014-10-27,Zambia
73,Teddi,Jacobowitz,tjacobowitz20@redcross.org,Female,448-458-3535,1974-01-20,2013-03-07,Indonesia
74,Henrieta,Foulsham,hfoulsham21@cisco.com,Female,913-960-2053,1963-05-01,2020-07-12,Portugal
75,Barri,Wahner,bwahner22@devhub.com,Male,676-453-8546,1957-04-19,2018-01-29,Philippines
76,Stormie,Guerrin,sguerrin23@wordpress.org,Female,676-738-5419,1960-07-14,2013-04-15,Thailand
77,Odessa,Trayhorn,otrayhorn24@smugmug.com,Female,951-197-9498,1981-03-09,2012-06-03,Greece
78,Tally,Gratten,tgratten25@hugedomains.com,Male,840-411-3081,1981-03-21,2018-02-15,France
79,Angus,Guyot,aguyot26@google.cn,Male,447-714-4076,1989-09-15,2021-11-14,Canada
80,Cherri,MacConnechie,cmacconnechie27@mlb.com,Female,808-348-2139,1986-09-28,2019-01-15,Kazakhstan
81,Amelina,Pavlasek,apavlasek28@nymag.com,Female,730-730-6497,1952-03-05,2021-05-18,China
82,Loydie,Dougill,ldougill29@feedburner.com,Male,698-821-5372,1969-11-24,2012-01-13,Poland
83,Barde,Trowill,btrowill2a@chicagotribune.com,Male,115-381-1540,1971-04-13,2013-10-13,China
84,Leyla,Blodg,lblodg2b@springer.com,Female,613-137-0447,1988-12-03,2018-01-22,China
85,Granger,Grunbaum,ggrunbaum2c@ca.gov,Male,967-353-8106,1951-08-27,2014-01-28,Mexico
86,Riane,Szymanzyk,rszymanzyk2d@hud.gov,Female,737-111-3686,1951-02-05,2019-12-19,Niger
87,Mattias,Alejo,malejo2e@exblog.jp,Male,181-319-9218,1956-12-24,2017-11-28,Poland
88,Basil,Larvin,blarvin2f@gov.uk,Male,538-111-4869,1981-08-16,2021-11-24,Canada
89,Geno,Daoust,gdaoust2g@gravatar.com,Male,651-813-1491,1972-02-20,2017-10-18,Portugal
90,Wade,Perrigo,wperrigo2h@reddit.com,Male,164-915-4073,1975-09-04,2016-02-04,Russia
91,Linn,Akaster,lakaster2i@merriam-webster.com,Male,707-569-1936,1976-06-06,2019-02-03,Indonesia
92,Berthe,Polet,bpolet2j@freewebs.com,Female,404-552-8288,1967-03-05,2012-06-04,United States
93,Jehu,Hancock,jhancock2k@microsoft.com,Male,952-496-5352,1981-01-10,2015-03-31,Japan
94,Christoper,Downing,cdowning2l@google.de,Male,946-227-6175,1982-04-30,2014-07-05,Japan
95,Janessa,Santhouse,jsanthouse2m@uol.com.br,Female,453-724-7025,1977-06-14,2021-12-06,Malaysia
96,Chev,Sciusscietto,csciusscietto2n@sciencedirect.com,Male,952-437-8558,1968-08-01,2014-04-01,Lithuania
97,Cinderella,Scurr,cscurr2o@typepad.com,Female,382-534-7757,1964-05-09,2018-09-27,Uruguay
98,Myrwyn,Shalloo,mshalloo2p@zimbio.com,Male,547-536-4750,1978-04-07,2012-07-18,Portugal
99,Tore,Adnams,tadnams2q@nsw.gov.au,Male,821-474-3063,1952-09-22,2019-02-19,Australia
100,Sascha,Espley,sespley2r@people.com.cn,Female,331-869-8160,1985-09-28,2013-04-16,Argentina
101,Homer,Shallcroff,hshallcroff2s@phpbb.com,Male,377-696-2687,1960-12-25,2021-06-25,Ecuador
102,Verna,Warlton,vwarlton2t@umn.edu,Female,385-452-5877,1963-11-07,2012-02-20,China
103,Cull,Amsberger,camsberger2u@ucsd.edu,Male,502-570-1770,1959-09-01,2015-03-07,China
104,Laney,Girodier,lgirodier2v@toplist.cz,Female,276-483-0086,1953-09-27,2012-01-17,China
105,Morissa,Wilprecht,mwilprecht2w@msn.com,Female,253-842-9436,1962-08-15,2021-12-13,Poland
106,Glen,Dupoy,gdupoy2x@wufoo.com,Female,737-194-5175,1981-08-11,2021-02-18,China
107,Nikoletta,Gehringer,ngehringer2y@nifty.com,Female,690-839-6726,1970-03-12,2012-09-25,Egypt
108,Mathian,Ormerod,mormerod2z@discuz.net,Male,875-624-2432,1980-03-19,2018-01-31,Brazil
109,Marten,Gainor,mgainor30@upenn.edu,Male,941-770-4404,1972-05-30,2019-07-05,China
110,Shayna,Nelson,snelson31@sun.com,Female,987-493-9582,1980-06-21,2015-01-30,Brazil
111,Jessika,Cruxton,jcruxton32@sina.com.cn,Female,402-362-4202,1979-01-15,2012-05-03,Czech Republic
112,Martina,Blackaby,mblackaby33@narod.ru,Female,277-345-4075,1985-05-04,2020-05-04,Sweden
113,Marielle,Kelwick,mkelwick34@quantcast.com,Female,519-436-0769,1988-05-02,2019-06-13,France
114,Lindi,Torfin,ltorfin35@netscape.com,Female,752-721-5145,1953-09-09,2012-11-02,Russia
115,Cristina,Van Bruggen,cvanbruggen36@dagondesign.com,Female,803-595-3600,1957-06-18,2020-12-04,Vietnam
116,Maurine,Fahy,mfahy37@4shared.com,Female,877-287-6733,1980-01-27,2016-05-11,Peru
117,Vernen,Dawtry,vdawtry38@bloomberg.com,Male,305-254-5099,1971-09-04,2017-07-26,China
118,Estrellita,Croix,ecroix39@hao123.com,Female,555-787-4670,1961-11-19,2015-04-05,Poland
119,Sonnie,Bye,sbye3a@narod.ru,Male,700-662-6705,1979-02-17,2017-05-29,Indonesia
120,Les,Slym,lslym3b@hibu.com,Male,312-160-5345,1956-02-09,2021-10-20,China
121,Karim,Snasel,ksnasel3c@fotki.com,Male,752-477-3157,1973-08-26,2015-02-28,China
122,Simeon,Giovannardi,sgiovannardi3d@newyorker.com,Male,701-289-2482,1987-07-15,2015-07-06,China
123,Dniren,Teasey,dteasey3e@umn.edu,Female,679-290-9524,1985-06-06,2021-11-12,China
124,Sharai,Laphorn,slaphorn3f@exblog.jp,Female,250-484-7977,1962-01-22,2015-04-20,Sri Lanka
125,Chevy,Kulas,ckulas3g@wordpress.com,Male,284-573-7604,1981-09-16,2016-07-19,China
126,Erin,Banstead,ebanstead3h@arizona.edu,Female,584-344-2383,1975-02-04,2019-07-03,Nigeria
127,Elli,Lovick,elovick3i@w3.org,Female,772-419-4593,1965-09-26,2013-11-16,Portugal
128,Nickolai,Winder,nwinder3j@arstechnica.com,Male,519-207-9229,1981-10-20,2017-06-30,China
129,Lilia,Conring,lconring3k@google.com,Female,300-830-4108,1978-12-22,2020-02-25,Indonesia
130,Diane,Matasov,dmatasov3l@themeforest.net,Female,978-493-4275,1952-10-06,2016-01-13,Japan
131,Vanna,Aloway,valoway3m@google.com.br,Female,931-163-0073,1980-12-21,2021-06-11,Morocco
132,Karlan,Goddman,kgoddman3n@topsy.com,Male,105-253-0455,1986-08-18,2015-03-23,Myanmar
133,Lyndsie,Harrie,lharrie3o@github.io,Female,901-313-2115,1981-01-13,2018-08-17,Pakistan
134,Normie,Quakley,nquakley3p@nba.com,Male,787-423-3126,1966-01-17,2012-12-22,Indonesia
135,Sherlocke,Sall,ssall3q@scientificamerican.com,Male,213-257-7926,1962-06-13,2019-08-16,Ukraine
136,Helenelizabeth,Beyer,hbeyer3r@apache.org,Female,908-368-2739,1954-04-20,2018-12-29,Colombia
137,Torey,Earie,tearie3s@pagesperso-orange.fr,Male,955-546-1806,1974-07-06,2021-04-29,Zambia
138,Tristan,Leades,tleades3t@walmart.com,Male,753-439-0875,1957-01-16,2021-05-11,Netherlands
139,Mahala,Hirtz,mhirtz3u@nps.gov,Female,373-272-4119,1970-08-08,2021-09-21,China
140,Kipp,Leele,kleele3v@nature.com,Female,810-400-3487,1961-05-28,2018-12-15,Indonesia
141,Anissa,Saiens,asaiens3w@washingtonpost.com,Female,428-278-7294,1959-09-20,2014-07-24,Serbia
142,Silvanus,Mandrey,smandrey3x@macromedia.com,Male,207-200-3136,1961-07-12,2016-08-27,Ukraine
143,Ave,Pelosi,apelosi3y@ftc.gov,Male,720-165-8759,1966-12-31,2018-02-04,Afghanistan
144,Peter,Hughf,phughf3z@yandex.ru,Male,178-661-9853,1975-12-25,2012-08-04,China
145,Padraig,Mapston,pmapston40@51.la,Male,927-124-7723,1982-02-01,2018-03-24,Poland
146,Alex,Nice,anice41@typepad.com,Female,251-755-5315,1969-02-03,2015-01-21,Russia
147,Marcella,Beggin,mbeggin42@homestead.com,Female,372-146-1587,1955-04-18,2021-06-17,China
148,Hunter,Blowne,hblowne43@elpais.com,Male,218-385-0962,1965-12-09,2021-10-27,Thailand
149,Valencia,Huncoot,vhuncoot44@icq.com,Female,523-457-3958,1989-06-03,2015-04-27,Argentina
150,Marthena,Baison,mbaison45@fda.gov,Female,842-978-8971,1979-02-24,2016-03-15,Myanmar
151,Jaimie,Filimore,jfilimore46@moonfruit.com,Female,699-416-3424,1986-04-23,2018-09-21,Honduras
152,Ulrich,Bullas,ubullas47@huffingtonpost.com,Male,718-489-5599,1971-08-17,2014-11-16,Philippines
153,Reginauld,Maharry,rmaharry48@wordpress.org,Male,445-104-2782,1987-02-19,2012-11-06,Portugal
154,Quint,Peterkin,qpeterkin49@columbia.edu,Male,134-406-7103,1959-12-04,2014-12-12,Poland
155,Belva,George,bgeorge4a@dyndns.org,Female,168-701-1512,1956-01-10,2015-03-17,Benin
156,Heddie,Danby,hdanby4b@uol.com.br,Female,423-652-6044,1957-09-12,2015-09-14,United States
157,Viola,Hardisty,vhardisty4c@a8.net,Female,759-410-6569,1951-05-06,2012-02-02,Philippines
158,Donn,Ervin,dervin4d@msn.com,Male,287-523-1101,1957-09-28,2012-01-22,Portugal
159,Laughton,Mawby,lmawby4e@studiopress.com,Male,812-599-8565,1972-11-07,2017-07-10,Indonesia
160,Perle,Leacock,pleacock4f@goo.gl,Female,952-768-1150,1988-12-24,2018-02-21,China
161,Raquela,Tomaszczyk,rtomaszczyk4g@digg.com,Female,949-422-0394,1981-07-23,2020-10-23,Japan
162,Stoddard,Martygin,smartygin4h@home.pl,Female,677-953-4943,1976-06-09,2017-07-31,Brazil
163,Benson,Mougin,bmougin4i@army.mil,Male,961-152-8668,1989-04-24,2016-03-02,Brazil
164,Jesus,Donke,jdonke4j@deliciousdays.com,Male,497-331-9827,1968-10-02,2012-07-02,Indonesia
165,Geralda,Verbrugghen,gverbrugghen4k@macromedia.com,Female,138-149-3660,1970-09-19,2019-03-22,Portugal
166,Vivien,Goscomb,vgoscomb4l@arizona.edu,Female,502-714-8482,1960-04-06,2018-01-03,Lithuania
167,Stephi,Marrian,smarrian4m@skype.com,Female,808-471-7041,1975-04-27,2013-03-06,Mexico
168,Horten,Mangin,hmangin4n@redcross.org,Male,209-101-6223,1951-02-26,2017-12-11,China
169,Krisha,Trussell,ktrussell4o@pen.io,Male,811-553-1319,1983-05-11,2015-01-23,Russia
170,Lynda,Innis,linnis4p@marriott.com,Female,844-633-8286,1951-05-27,2020-04-20,Poland
171,Barde,Mitkov,bmitkov4q@canalblog.com,Male,382-293-2439,1978-01-11,2021-07-22,Russia
172,Liam,Scarlin,lscarlin4r@wikimedia.org,Male,745-326-5669,1972-01-01,2017-07-09,Greece
173,Colver,Carroll,ccarroll4s@admin.ch,Male,654-541-2997,1965-05-07,2015-11-20,China
174,Lothario,Micco,lmicco4t@guardian.co.uk,Male,412-251-4533,1969-06-10,2021-06-29,Tunisia
175,Kipp,McCleod,kmccleod4u@bigcartel.com,Female,672-189-0215,1988-11-19,2014-07-26,Sweden
176,Stormi,Toffetto,stoffetto4v@goo.gl,Female,825-921-8037,1963-08-02,2021-06-27,Kyrgyzstan
177,Rudy,Dayne,rdayne4w@tinypic.com,Male,976-240-8119,1989-07-11,2020-12-17,China
178,Hillery,Stichall,hstichall4x@imdb.com,Male,966-924-3071,1953-09-12,2016-06-10,Russia
179,Winnah,O'Donegan,wodonegan4y@edublogs.org,Female,168-645-2793,1974-04-11,2018-11-09,China
180,Winny,Saltwell,wsaltwell4z@slashdot.org,Male,579-112-4895,1969-05-23,2012-03-29,Portugal
181,Che,Seage,cseage50@umn.edu,Male,792-535-4996,1988-10-10,2014-04-13,Guinea
182,Queenie,Van Driel,qvandriel51@thetimes.co.uk,Female,608-286-1439,1978-12-14,2017-04-18,Russia
183,Jonathon,Roblett,jroblett52@time.com,Male,712-947-6205,1984-02-27,2017-04-02,Indonesia
184,Ingrim,Allone,iallone53@google.com.br,Male,640-603-6622,1956-04-05,2015-02-25,China
185,Xenia,Vibert,xvibert54@tripadvisor.com,Female,906-179-8491,1969-09-07,2012-11-17,Indonesia
186,Orson,Skillman,oskillman55@fema.gov,Male,439-816-9954,1984-01-05,2013-03-28,Indonesia
187,Kristine,Nobbs,knobbs56@home.pl,Female,252-553-8627,1965-12-04,2021-05-04,Philippines
188,Jeannette,Humbles,jhumbles57@businessinsider.com,Female,141-290-4236,1967-12-14,2012-08-10,South Africa
189,Dietrich,Sloat,dsloat58@pcworld.com,Male,136-110-0297,1967-05-06,2021-06-13,Philippines
190,Jillene,Kerry,jkerry59@japanpost.jp,Female,896-748-6599,1966-10-08,2020-12-07,Belarus
191,Ade,Ginner,aginner5a@com.com,Male,707-651-6554,1952-03-30,2018-12-20,Philippines
192,Odele,Soldner,osoldner5b@ucsd.edu,Female,368-552-6615,1966-09-20,2017-10-07,China
193,Haroun,Rout,hrout5c@bing.com,Male,267-359-1591,1984-03-18,2014-07-05,Philippines
194,Emmy,Crofts,ecrofts5d@hatena.ne.jp,Female,476-975-8093,1981-10-12,2014-03-05,Czech Republic
195,Esme,Ivery,eivery5e@auda.org.au,Female,882-340-0935,1962-04-04,2014-03-10,Portugal
196,Frasco,Orrom,forrom5f@bloomberg.com,Male,435-160-2397,1980-04-05,2014-03-12,Russia
197,Rainer,Lorkin,rlorkin5g@over-blog.com,Male,977-955-6609,1958-03-12,2013-10-14,China
198,Valentina,Hewkin,vhewkin5h@woothemes.com,Female,413-100-4950,1953-02-02,2018-06-02,France
199,Decca,Luckcuck,dluckcuck5i@theatlantic.com,Male,163-308-6360,1971-05-29,2019-08-03,Pakistan
200,Lind,Dewi,ldewi5j@sina.com.cn,Male,830-436-8081,1985-08-08,2016-06-11,Armenia
201,Saloma,McArd,smcard5k@abc.net.au,Female,895-424-2468,1972-05-12,2012-11-10,Russia
202,Sam,Tivers,stivers5l@cloudflare.com,Male,900-600-5360,1960-09-13,2019-08-24,China
203,Lorant,Martensen,lmartensen5m@artisteer.com,Male,844-473-9811,1956-03-12,2013-02-27,China
204,Rupert,Traill,rtraill5n@altervista.org,Male,398-949-4639,1974-08-01,2018-12-30,Poland
205,Terry,Crang,tcrang5o@deliciousdays.com,Male,739-855-8481,1959-05-07,2018-02-07,Sweden
206,Nell,Prantl,nprantl5p@umn.edu,Female,556-460-3312,1954-08-26,2020-09-10,Indonesia
207,Piper,Pluvier,ppluvier5q@cargocollective.com,Female,605-363-6401,1978-07-17,2019-03-12,Russia
208,Cary,Magrannell,cmagrannell5r@theatlantic.com,Male,206-821-9327,1972-05-04,2015-10-11,Russia
209,Barr,Gorthy,bgorthy5s@free.fr,Male,753-342-1256,1982-06-24,2014-01-28,China
210,Peyton,Waren,pwaren5t@comsenz.com,Male,444-853-4013,1978-11-28,2019-03-04,Russia
211,Stillman,Rushford,srushford5u@friendfeed.com,Male,435-296-7132,1964-10-07,2015-03-02,Czech Republic
212,Tedman,Nazair,tnazair5v@youku.com,Male,599-996-9253,1975-02-01,2019-11-17,Ireland
213,Hugibert,Erskine,herskine5w@youtube.com,Male,512-363-4308,1984-07-27,2019-04-23,Philippines
214,Dierdre,Pochon,dpochon5x@weebly.com,Female,203-369-2611,1981-07-13,2014-05-29,Spain
215,Vladimir,Nockalls,vnockalls5y@mashable.com,Male,723-766-3731,1989-08-04,2021-01-23,Russia
216,Zacharias,Ottewill,zottewill5z@ovh.net,Male,697-542-4275,1963-06-17,2020-04-21,Poland
217,Fabiano,Crippes,fcrippes60@mayoclinic.com,Male,707-895-4093,1957-01-04,2014-06-23,Sweden
218,Clara,Rumgay,crumgay61@pen.io,Female,199-922-3750,1976-09-21,2014-12-26,China
219,Jolynn,Collerd,jcollerd62@irs.gov,Female,700-652-2629,1986-05-25,2018-07-09,Portugal
220,Remington,Heald,rheald63@e-recht24.de,Male,210-364-2730,1982-10-19,2014-09-12,Thailand
221,Brice,Winkle,bwinkle64@state.tx.us,Male,923-387-5456,1976-10-22,2017-02-14,Russia
222,Doti,Greenhead,dgreenhead65@dropbox.com,Female,263-105-5445,1956-09-27,2018-06-22,Indonesia
223,Davey,Gantley,dgantley66@mac.com,Male,251-468-4905,1956-12-30,2019-03-19,Finland
224,Barbara-anne,Harsum,bharsum67@fastcompany.com,Female,372-109-3139,1960-06-20,2020-01-27,France
225,Natalina,Reinard,nreinard68@google.ca,Female,166-998-0889,1954-12-11,2019-05-05,Colombia
226,Brandice,Elcom,belcom69@washingtonpost.com,Female,811-125-4993,1979-07-15,2018-11-07,Philippines
227,Merrill,Bouda,mbouda6a@ovh.net,Male,604-627-0393,1950-08-26,2020-08-17,China
228,Effie,Braunds,ebraunds6b@slate.com,Female,558-325-1829,1974-04-15,2021-08-08,Mexico
229,Trixi,Machans,tmachans6c@reddit.com,Female,281-740-1697,1978-07-23,2015-12-14,Poland
230,Tiler,Henaughan,thenaughan6d@bravesites.com,Male,338-326-6859,1967-10-23,2016-08-24,Sweden
231,Nicholle,Mallabund,nmallabund6e@wiley.com,Female,609-501-1516,1983-01-03,2020-11-08,China
232,Archibaldo,Laphorn,alaphorn6f@va.gov,Male,212-301-3291,1978-07-25,2016-02-13,United States
233,Willyt,Tatford,wtatford6g@posterous.com,Female,517-462-3202,1973-12-26,2012-01-30,Philippines
234,Amalita,Polini,apolini6h@ocn.ne.jp,Female,925-178-7312,1967-12-21,2017-03-24,China
235,Verla,Schimke,vschimke6i@aol.com,Female,660-484-4699,1970-01-19,2016-08-12,Albania
236,Ronni,Longmire,rlongmire6j@stumbleupon.com,Female,239-612-1695,1955-09-09,2013-04-09,Spain
237,Nicola,Phython,nphython6k@storify.com,Male,207-962-4490,1952-08-23,2016-06-19,Indonesia
238,Matias,Comino,mcomino6l@loc.gov,Male,208-770-8558,1977-05-14,2018-02-23,Kenya
239,Callie,Cheer,ccheer6m@ifeng.com,Female,386-470-3891,1974-10-22,2019-01-28,Brazil
240,Isidro,Gutcher,igutcher6n@nature.com,Male,210-980-5082,1978-01-10,2015-10-17,China
241,Pauly,Michelotti,pmichelotti6o@chronoengine.com,Female,210-892-1491,1959-08-18,2014-01-27,Bosnia and Herzegovina
242,Raphael,Daftor,rdaftor6p@netscape.com,Male,843-113-9513,1969-03-09,2020-12-16,Colombia
243,Caitlin,Crew,ccrew6q@clickbank.net,Female,633-932-0678,1961-03-03,2015-03-15,France
244,Odessa,Murrum,omurrum6r@drupal.org,Female,541-153-1305,1974-03-16,2014-05-10,Thailand
245,Cosetta,Maryott,cmaryott6s@apple.com,Female,829-503-6212,1983-06-19,2013-02-18,China
246,Natassia,Collishaw,ncollishaw6t@sogou.com,Female,934-112-4249,1988-08-29,2014-08-09,China
247,Tanner,Calbaithe,tcalbaithe6u@hc360.com,Male,913-793-7594,1973-09-07,2016-07-25,United States
248,Carol,Wordsworth,cwordsworth6v@theatlantic.com,Female,802-342-3097,1962-12-13,2016-10-24,Mauritius
249,Filmore,Somerton,fsomerton6w@rambler.ru,Male,682-317-1697,1961-03-05,2014-03-19,Yemen
250,Page,Hriinchenko,phriinchenko6x@ycombinator.com,Female,739-777-9280,1970-10-27,2013-12-17,Poland
251,Ashlin,Baines,abaines6y@webeden.co.uk,Male,970-833-5066,1987-05-08,2013-11-08,China
252,Jena,Dunleavy,jdunleavy6z@ezinearticles.com,Female,347-275-5966,1971-08-23,2014-07-15,Poland
253,Janeen,Ruse,jruse70@prweb.com,Female,421-494-5787,1973-10-07,2016-10-17,Canada
254,Zaccaria,Cloke,zcloke71@reuters.com,Male,810-926-6124,1960-06-03,2017-04-09,Indonesia
255,Keefer,Silverstone,ksilverstone72@wikia.com,Male,368-309-0919,1951-02-10,2016-09-05,Colombia
256,Corly,O'Lagene,colagene73@about.me,Female,366-913-2654,1963-02-10,2015-07-14,United Kingdom
257,Myron,Corrington,mcorrington74@squarespace.com,Male,334-564-0798,1957-03-30,2019-12-08,Indonesia
258,Shelton,Strickett,sstrickett75@google.pl,Male,381-482-9601,1967-07-08,2013-12-29,Indonesia
259,Terrijo,Kleuer,tkleuer76@webmd.com,Female,879-866-2712,1971-08-31,2014-05-02,Angola
260,Burton,Bloxland,bbloxland77@t.co,Male,562-835-7778,1977-04-28,2015-04-04,Papua New Guinea
261,Aldin,Olenikov,aolenikov78@moonfruit.com,Male,769-595-7039,1968-12-02,2015-10-29,China
262,Garrett,Cater,gcater79@senate.gov,Male,746-964-2192,1959-05-30,2019-05-14,Poland
263,Keven,Sherwill,ksherwill7a@gmpg.org,Male,459-193-8113,1953-12-28,2016-12-02,Argentina
264,Tamqrah,Gaskamp,tgaskamp7b@rambler.ru,Female,108-706-5107,1974-01-14,2018-06-05,Portugal
265,Shermie,Byrcher,sbyrcher7c@gov.uk,Male,692-210-2072,1966-03-24,2021-03-20,Burkina Faso
266,Ennis,Harmstone,eharmstone7d@weather.com,Male,991-905-6593,1978-03-30,2018-08-26,Georgia
267,Wallas,Droghan,wdroghan7e@blogtalkradio.com,Male,346-376-5876,1989-03-02,2014-08-13,Poland
268,Jewel,Ivanishin,jivanishin7f@fda.gov,Female,563-754-3586,1955-01-25,2019-11-23,Russia
269,Clemente,Gazzard,cgazzard7g@vinaora.com,Male,556-823-4054,1956-10-28,2016-07-14,Tanzania
270,Shaw,Cornell,scornell7h@tumblr.com,Male,741-584-4220,1951-09-18,2013-05-10,Russia
271,Paton,Poe,ppoe7i@freewebs.com,Male,347-926-8909,1950-08-14,2014-07-18,Indonesia
272,Julio,Leyfield,jleyfield7j@yelp.com,Male,689-984-0858,1978-02-03,2016-03-14,Slovenia
273,Winnie,Pietersen,wpietersen7k@cloudflare.com,Female,621-752-9898,1986-08-01,2016-09-16,Russia
274,Freeman,Chilles,fchilles7l@youku.com,Male,376-416-4942,1957-07-13,2016-05-03,Portugal
275,Marrissa,Pestricke,mpestricke7m@jiathis.com,Female,471-998-6801,1965-01-03,2016-07-02,Armenia
276,Morris,Philbrook,mphilbrook7n@mtv.com,Male,360-660-6630,1972-11-24,2018-02-18,Philippines
277,Marrilee,Ortelt,mortelt7o@cisco.com,Female,861-540-5709,1959-11-02,2013-08-09,Guatemala
278,Ami,Bransom,abransom7p@jugem.jp,Female,393-862-7311,1973-03-10,2018-04-02,Tunisia
279,Jamie,Phuprate,jphuprate7q@lulu.com,Male,535-703-5465,1953-01-30,2020-05-22,China
280,Pepillo,Richley,prichley7r@biblegateway.com,Male,937-829-1996,1989-10-19,2014-12-01,France
281,Fedora,Pimblett,fpimblett7s@prlog.org,Female,412-856-0126,1961-02-21,2019-11-13,China
282,Ailbert,Kitcat,akitcat7t@china.com.cn,Male,308-826-0214,1973-12-08,2013-01-20,Indonesia
283,Hans,Hook,hhook7u@economist.com,Male,456-658-8763,1973-03-13,2021-03-03,China
284,Roch,Stilliard,rstilliard7v@epa.gov,Female,262-851-0393,1961-06-21,2013-03-17,Brazil
285,Rikki,Creenan,rcreenan7w@dion.ne.jp,Male,273-729-7835,1976-01-09,2015-05-10,Mongolia
286,Nita,Oakenford,noakenford7x@t.co,Female,610-787-0745,1988-10-02,2012-03-08,United States
287,Jerrie,Abel,jabel7y@imageshack.us,Female,179-636-5309,1985-06-19,2013-08-07,Malawi
288,Yelena,Phebee,yphebee7z@seattletimes.com,Female,387-107-0286,1981-05-09,2015-12-31,China
289,Dorolice,Tomaszewicz,dtomaszewicz80@pinterest.com,Female,530-106-0868,1950-06-24,2015-12-18,Peru
290,Olive,Illingsworth,oillingsworth81@drupal.org,Female,185-133-4653,1968-10-30,2012-10-24,Thailand
291,Judye,Bertram,jbertram82@unesco.org,Female,890-975-1789,1969-10-02,2019-04-15,Luxembourg
292,Herbie,Moscrop,hmoscrop83@istockphoto.com,Male,257-629-0484,1964-09-14,2016-01-30,Colombia
293,Abramo,Macconachy,amacconachy84@dion.ne.jp,Male,605-307-6462,1959-09-23,2012-05-28,France
294,Ram,Silberschatz,rsilberschatz85@myspace.com,Male,573-755-5563,1950-10-19,2021-03-19,Philippines
295,Fidelity,O'Dee,fodee86@addthis.com,Female,637-858-0830,1958-07-02,2020-04-01,Mexico
296,Zea,Heyball,zheyball87@examiner.com,Female,512-973-9768,1979-05-20,2014-02-14,Sweden
297,Adelaida,Kemitt,akemitt88@t.co,Female,173-306-0153,1985-07-09,2015-06-15,Ukraine
298,Langston,Tuxsell,ltuxsell89@home.pl,Male,301-175-2778,1979-11-15,2017-08-09,United States
299,Cullie,Dowrey,cdowrey8a@geocities.jp,Male,456-501-7736,1961-10-21,2012-09-01,Sweden
300,Myriam,Merriday,mmerriday8b@spotify.com,Female,456-980-2470,1985-04-24,2017-03-07,Philippines
301,Chadwick,Kesten,ckesten8c@bloglines.com,Male,843-246-3565,1981-04-06,2019-02-22,Latvia
302,Robbin,Pourvoieur,rpourvoieur8d@surveymonkey.com,Female,221-618-8420,1973-12-16,2014-05-23,Philippines
303,Winni,Voisey,wvoisey8e@mediafire.com,Female,806-335-9933,1955-10-16,2019-03-21,China
304,Hagan,Matanin,hmatanin8f@issuu.com,Male,802-802-8813,1986-06-27,2019-12-31,North Korea
305,Jules,Yakebovich,jyakebovich8g@ifeng.com,Male,667-570-9897,1970-09-20,2016-01-09,Indonesia
306,Elliot,Yard,eyard8h@narod.ru,Male,376-596-2273,1968-06-15,2019-07-25,Canada
307,Simon,Klimentyev,sklimentyev8i@homestead.com,Male,729-865-0451,1968-02-27,2013-09-18,Ukraine
308,Orlan,Brisset,obrisset8j@toplist.cz,Male,354-330-0828,1954-07-09,2016-09-03,Ukraine
309,Claudian,Wildt,cwildt8k@mlb.com,Male,183-719-1702,1961-03-09,2013-09-09,Indonesia
310,Kylie,Tartt,ktartt8l@redcross.org,Male,117-850-0502,1972-07-10,2012-07-21,China
311,Sandye,Lathwood,slathwood8m@ebay.co.uk,Female,664-744-1369,1971-12-26,2018-10-08,Argentina
312,Milli,Lago,mlago8n@joomla.org,Female,236-772-9658,1989-11-24,2014-07-19,Japan
313,Cindelyn,McCutheon,cmccutheon8o@patch.com,Female,509-552-0379,1952-11-29,2021-07-12,Philippines
314,Grady,Merryman,gmerryman8p@usda.gov,Male,367-242-1276,1969-10-22,2019-08-10,Tanzania
315,Xavier,Tesimon,xtesimon8q@irs.gov,Male,406-406-5028,1979-09-28,2018-11-21,Uganda
316,Mariel,Curson,mcurson8r@seattletimes.com,Female,143-758-9111,1955-10-31,2019-12-16,China
317,Anne-marie,Basketfield,abasketfield8s@yellowpages.com,Female,558-877-2519,1988-07-28,2012-09-04,Russia
318,Michaela,Rizzetti,mrizzetti8t@cbsnews.com,Female,304-300-6195,1955-01-30,2020-07-16,Russia
319,Nowell,Brownlow,nbrownlow8u@php.net,Male,578-271-2758,1961-09-25,2015-11-06,Sweden
320,Roman,Olenchikov,rolenchikov8v@surveymonkey.com,Male,723-776-1266,1987-09-24,2020-07-28,Indonesia
321,Hersh,Goodship,hgoodship8w@wsj.com,Male,603-325-0295,1957-10-09,2020-07-24,China
322,Veradis,Reddish,vreddish8x@bravesites.com,Female,640-739-9600,1974-08-11,2012-07-16,Brazil
323,Chaddie,Bollam,cbollam8y@aol.com,Male,264-880-9722,1953-11-17,2021-10-27,South Africa
324,Page,Goldup,pgoldup8z@home.pl,Female,317-480-3371,1951-04-13,2019-12-06,Argentina
325,Marni,Scholler,mscholler90@xrea.com,Female,872-743-5907,1965-07-14,2020-03-11,Portugal
326,Meagan,Haws,mhaws91@tiny.cc,Female,234-815-5262,1969-07-13,2020-07-14,Finland
327,Gibbie,Templar,gtemplar92@springer.com,Male,691-549-8251,1955-03-26,2019-08-21,France
328,Sutton,Grinnikov,sgrinnikov93@nydailynews.com,Male,705-135-1729,1962-01-27,2014-09-16,China
329,Fielding,McCraw,fmccraw94@sogou.com,Male,188-276-5276,1976-07-12,2016-08-16,Indonesia
330,Mandi,Abbis,mabbis95@mediafire.com,Female,907-105-0577,1977-07-17,2012-04-28,China
331,Marylee,Gingel,mgingel96@skyrock.com,Female,406-109-0070,1952-07-22,2017-08-13,Indonesia
332,Phil,Goundry,pgoundry97@ow.ly,Male,143-359-1661,1980-11-05,2020-02-28,Latvia
333,Billi,McCrainor,bmccrainor98@chronoengine.com,Female,649-930-5155,1968-01-23,2016-11-03,China
334,Addy,Marle,amarle99@biblegateway.com,Male,510-973-2763,1959-01-16,2012-03-04,Japan
335,Marji,Eschalotte,meschalotte9a@yandex.ru,Female,956-640-2616,1951-07-08,2020-06-21,China
336,Waverly,Douce,wdouce9b@dot.gov,Male,693-185-9438,1962-05-23,2014-06-25,Indonesia
337,Zita,O'Shesnan,zoshesnan9c@businessweek.com,Female,910-970-3426,1986-03-11,2016-04-02,United States
338,Matty,Dall,mdall9d@psu.edu,Male,138-845-0808,1963-07-21,2017-01-03,Canada
339,Kerianne,Tupman,ktupman9e@yale.edu,Female,731-996-4270,1951-11-21,2020-08-06,Ecuador
340,Lindi,Brazil,lbrazil9f@shop-pro.jp,Female,620-351-2425,1967-01-04,2013-05-21,Ukraine
341,Ogden,Revitt,orevitt9g@wufoo.com,Male,771-970-0477,1952-08-05,2020-08-30,Cuba
342,Roanne,Ilyuchyov,rilyuchyov9h@yolasite.com,Female,157-988-5129,1954-01-05,2015-08-29,Myanmar
343,Nowell,de Broke,ndebroke9i@4shared.com,Male,848-342-5708,1986-07-14,2013-12-19,Brazil
344,Prissie,Brimblecombe,pbrimblecombe9j@yellowbook.com,Female,755-716-3107,1976-12-09,2021-12-01,Russia
345,Gilbertine,Romanin,gromanin9k@sitemeter.com,Female,309-827-0304,1958-04-16,2012-12-15,China
346,Tara,Mosten,tmosten9l@hc360.com,Female,481-995-4306,1960-07-30,2019-05-08,Palestinian Territory
347,Kristopher,Stace,kstace9m@delicious.com,Male,601-705-4373,1972-09-14,2013-12-19,Nigeria
348,Tallie,Crosio,tcrosio9n@sciencedaily.com,Male,370-812-8963,1981-12-20,2015-12-19,Kiribati
349,Vernice,Sadat,vsadat9o@kickstarter.com,Female,766-291-1314,1965-03-25,2020-08-16,Portugal
350,Phyllys,Chiverton,pchiverton9p@cnn.com,Female,448-724-6852,1977-12-18,2012-03-12,Mauritius
351,Noah,Gregan,ngregan9q@mail.ru,Male,383-865-6536,1967-05-03,2018-09-03,Tunisia
352,Abbie,Melbourne,amelbourne9r@yellowpages.com,Male,230-252-6331,1981-03-31,2021-11-23,Poland
353,Noach,Mucillo,nmucillo9s@ibm.com,Male,602-106-7200,1965-08-29,2015-12-16,Portugal
354,Penny,Donaghy,pdonaghy9t@google.co.jp,Female,131-996-9470,1951-07-30,2014-05-09,Philippines
355,Emylee,Budget,ebudget9u@toplist.cz,Female,520-669-4721,1969-06-21,2020-10-07,Ecuador
356,Evyn,Vallentine,evallentine9v@google.com.hk,Male,221-889-1886,1976-03-11,2014-04-21,China
357,Julissa,Kindon,jkindon9w@edublogs.org,Female,147-745-8229,1979-10-07,2012-03-29,Madagascar
358,Cosette,Frankom,cfrankom9x@friendfeed.com,Female,798-523-7134,1962-02-04,2019-03-03,Greece
359,Elwyn,Kalisch,ekalisch9y@flavors.me,Male,958-520-3911,1984-11-06,2020-09-29,Philippines
360,Sybila,Gostick,sgostick9z@omniture.com,Female,677-344-3160,1956-06-03,2018-09-04,Philippines
361,Albertine,Castanaga,acastanagaa0@acquirethisname.com,Female,403-332-7543,1980-07-16,2014-12-07,Malaysia
362,Gerrie,Gluyus,ggluyusa1@addtoany.com,Male,559-240-8932,1955-12-06,2019-05-14,United States
363,Jeffrey,Emsley,jemsleya2@storify.com,Male,303-619-8362,1985-02-18,2021-07-06,Russia
364,Codie,Boullen,cboullena3@geocities.com,Female,981-144-8270,1972-05-22,2017-04-06,Indonesia
365,Milka,Columbell,mcolumbella4@delicious.com,Female,540-926-3985,1956-02-05,2019-08-03,United States
366,Edd,Kaysor,ekaysora5@cpanel.net,Male,351-171-1652,1960-08-12,2015-12-10,Colombia
367,Edlin,Benian,ebeniana6@upenn.edu,Male,931-786-4550,1986-03-16,2021-07-28,Chile
368,Porter,Chaudret,pchaudreta7@home.pl,Male,388-810-7252,1984-11-02,2012-07-05,Sweden
369,Zeke,Rangle,zranglea8@a8.net,Male,307-368-1421,1960-09-06,2017-07-24,Mali
370,Bree,Foresight,bforesighta9@facebook.com,Female,988-370-3312,1989-11-08,2015-02-19,Mexico
371,Waly,Allenson,wallensonaa@etsy.com,Female,700-582-7274,1953-04-04,2013-09-08,Russia
372,Vivian,Babbs,vbabbsab@wikimedia.org,Female,516-310-4803,1978-04-24,2021-08-18,Peru
373,Ivan,Feaveryear,ifeaveryearac@parallels.com,Male,771-998-4887,1959-01-11,2019-02-08,China
374,Avrit,Sumpton,asumptonad@tinyurl.com,Female,715-299-0029,1953-05-18,2020-09-20,Indonesia
375,Dew,Peeter,dpeeterae@globo.com,Male,639-180-3851,1954-08-13,2019-05-21,Greece
376,Lucita,Rowcastle,lrowcastleaf@people.com.cn,Female,733-989-8291,1972-11-23,2018-12-18,South Africa
377,Archambault,Lowdeane,alowdeaneag@gov.uk,Male,930-874-4343,1961-02-10,2015-11-03,China
378,Wilmette,Gerrad,wgerradah@wunderground.com,Female,797-880-0877,1976-06-23,2013-10-31,China
379,Penn,Loughan,ploughanai@scientificamerican.com,Male,931-266-5562,1986-12-27,2016-10-27,Serbia
380,Eduard,Faires,efairesaj@prlog.org,Male,118-940-7757,1956-12-29,2016-02-08,Czech Republic
381,Karissa,McConway,kmcconwayak@kickstarter.com,Female,740-667-4756,1962-03-17,2012-09-21,Sweden
382,Darrin,Barnhill,dbarnhillal@blinklist.com,Male,755-274-8024,1962-03-13,2012-12-10,Indonesia
383,Dinah,Haken,dhakenam@bloglines.com,Female,307-359-3491,1980-03-31,2020-10-26,Indonesia
384,Prinz,Bettington,pbettingtonan@springer.com,Male,451-679-7257,1970-12-01,2016-07-09,China
385,Heall,Gajewski,hgajewskiao@indiegogo.com,Male,719-771-6783,1976-05-21,2019-10-08,Bosnia and Herzegovina
386,Ulla,Kaubisch,ukaubischap@pcworld.com,Female,900-490-3235,1963-10-15,2015-07-20,Brazil
387,Sanders,Aughton,saughtonaq@alexa.com,Male,145-152-6654,1965-03-29,2019-01-23,Indonesia
388,Mallory,Twamley,mtwamleyar@github.io,Female,714-664-3910,1985-02-22,2019-02-17,Kazakhstan
389,Bartholomew,Culham,bculhamas@time.com,Male,325-155-2759,1986-08-20,2016-06-20,Nigeria
390,Garrek,Tankus,gtankusat@bing.com,Male,568-512-9160,1974-12-24,2015-10-14,Iran
391,Michaela,Chittem,mchittemau@amazonaws.com,Female,992-508-0167,1960-10-15,2019-07-13,France
392,Darby,Harbron,dharbronav@ycombinator.com,Male,602-302-4356,1963-09-06,2013-05-24,Greece
393,Bartholemy,Jaulmes,bjaulmesaw@wsj.com,Male,928-201-6888,1970-08-11,2016-07-10,Czech Republic
394,Thomasa,Windows,twindowsax@spotify.com,Female,407-974-7974,1957-01-15,2020-02-14,Sweden
395,Katusha,Cloney,kcloneyay@amazon.com,Female,241-828-1934,1963-12-29,2014-09-26,Philippines
396,Gustav,Roizin,groizinaz@theguardian.com,Male,494-694-1938,1987-12-07,2018-02-08,Canada
397,Sunny,Heiden,sheidenb0@omniture.com,Male,678-329-2597,1967-07-24,2018-09-06,Cuba
398,Thain,McCann,tmccannb1@amazon.com,Male,951-386-7666,1982-05-02,2015-03-26,Indonesia
399,Una,Matessian,umatessianb2@yale.edu,Female,145-986-6793,1987-06-16,2021-03-26,Pakistan
400,Carina,Gedge,cgedgeb3@rambler.ru,Female,797-595-1261,1970-04-03,2018-03-27,China
401,Roselle,Barette,rbaretteb4@alexa.com,Female,889-961-6702,1977-04-03,2012-09-19,China
402,Fern,Barriball,fbarriballb5@hexun.com,Female,610-799-4943,1953-03-26,2012-02-01,Brazil
403,Eveleen,Shallcrass,eshallcrassb6@discuz.net,Female,453-918-0037,1974-05-21,2013-01-21,Brazil
404,Conway,Goodayle,cgoodayleb7@issuu.com,Male,864-280-6056,1986-11-11,2015-08-12,Serbia
405,Debee,Harrisson,dharrissonb8@seattletimes.com,Female,221-329-9590,1975-05-22,2021-07-10,Portugal
406,Melissa,Spellacey,mspellaceyb9@bigcartel.com,Female,820-917-3255,1962-02-27,2013-07-13,Latvia
407,Ransom,Mapletoft,rmapletoftba@washington.edu,Male,986-885-7134,1978-01-22,2020-02-16,Czech Republic
408,Geoffry,Noar,gnoarbb@issuu.com,Male,799-345-3180,1957-03-14,2019-12-10,Kuwait
409,Margaretha,Fidgett,mfidgettbc@cbc.ca,Female,532-279-9044,1954-12-12,2014-05-10,China
410,Tedie,Grosvener,tgrosvenerbd@fema.gov,Male,927-833-5774,1987-10-21,2016-10-11,China
411,Donna,Grishukhin,dgrishukhinbe@chron.com,Female,195-957-1719,1953-06-19,2015-06-09,Venezuela
412,Frederic,Armor,farmorbf@microsoft.com,Male,919-967-3850,1961-09-29,2015-02-26,United States
413,Barty,Heinschke,bheinschkebg@chicagotribune.com,Male,549-111-8129,1983-08-22,2015-10-05,Indonesia
414,Donnamarie,Slimming,dslimmingbh@constantcontact.com,Female,349-433-3161,1982-12-03,2020-07-10,Philippines
415,Nerte,Munns,nmunnsbi@about.me,Female,557-177-3958,1967-05-10,2020-07-24,Canada
416,Monroe,Whitlaw,mwhitlawbj@google.com.br,Male,923-871-6159,1956-10-25,2015-10-12,China
417,Sena,Wildish,swildishbk@storify.com,Female,628-521-8447,1983-02-05,2015-06-10,North Korea
418,Libbi,Churn,lchurnbl@un.org,Female,981-314-1602,1983-11-19,2021-12-08,China
419,Alvira,Linturn,alinturnbm@rambler.ru,Female,849-974-2447,1973-03-01,2012-09-08,Indonesia
420,Stillmann,Yarwood,syarwoodbn@ning.com,Male,308-655-8735,1962-10-30,2016-12-29,Indonesia
421,Alison,Ridhole,aridholebo@ucsd.edu,Female,942-886-5917,1985-03-25,2019-05-01,China
422,Maurene,Shildrick,mshildrickbp@oracle.com,Female,415-622-7871,1975-05-24,2013-09-21,Indonesia
423,Arvin,Beiderbeck,abeiderbeckbq@scientificamerican.com,Male,483-720-7670,1979-03-20,2015-12-27,China
424,Rodrigo,Pimblett,rpimblettbr@auda.org.au,Male,774-558-1011,1950-07-21,2013-04-28,Ivory Coast
425,Diane-marie,Jacomb,djacombbs@vistaprint.com,Female,389-355-7329,1976-01-18,2017-06-04,Swaziland
426,Gwenora,Wellan,gwellanbt@jigsy.com,Female,325-383-7868,1983-05-12,2021-07-21,Poland
427,Maxim,De Ambrosi,mdeambrosibu@xrea.com,Male,859-281-2638,1988-06-28,2019-08-03,Poland
428,Jeromy,Nutley,jnutleybv@boston.com,Male,453-598-7540,1955-05-10,2020-03-20,Brazil
429,Fredek,Tollett,ftollettbw@unblog.fr,Male,653-519-0809,1989-05-07,2013-08-16,Nigeria
430,Reginauld,Hacquoil,rhacquoilbx@weebly.com,Male,615-967-2306,1977-01-31,2018-09-08,United States
431,Guenevere,Seer,gseerby@businessinsider.com,Female,536-216-3363,1958-11-10,2016-11-06,Nepal
432,Lidia,Margarson,lmargarsonbz@narod.ru,Female,950-784-8673,1980-10-04,2020-07-06,China
433,Viva,Covell,vcovellc0@paginegialle.it,Female,279-656-5633,1989-07-07,2013-04-30,Sweden
434,Zerk,Schorah,zschorahc1@umich.edu,Male,115-866-9320,1982-01-26,2014-12-04,Colombia
435,Rhett,Woodage,rwoodagec2@clickbank.net,Male,624-693-4215,1968-08-12,2019-03-16,China
436,Budd,Bennedsen,bbennedsenc3@reddit.com,Male,924-584-7221,1956-02-09,2016-07-28,Nigeria
437,Sashenka,Newcom,snewcomc4@weebly.com,Female,314-717-5639,1975-12-06,2014-01-21,United States
438,Reamonn,McQuarrie,rmcquarriec5@etsy.com,Male,867-249-9286,1968-11-23,2017-03-13,Indonesia
439,Zacharia,Kehir,zkehirc6@umich.edu,Male,581-510-2192,1958-11-06,2015-03-23,Indonesia
440,Lorianne,Bisp,lbispc7@mozilla.com,Female,406-416-3728,1968-02-22,2013-11-15,Malaysia
441,Curt,Baudassi,cbaudassic8@etsy.com,Male,291-250-5750,1988-08-19,2013-02-05,China
442,Whitaker,Sainsberry,wsainsberryc9@webs.com,Male,578-560-7402,1978-01-24,2015-08-17,New Zealand
443,Hardy,Mcettrick,hmcettrickca@yelp.com,Male,596-906-3555,1980-04-24,2021-03-07,France
444,Hamish,Fairpo,hfairpocb@aboutads.info,Male,315-301-9968,1985-06-21,2013-02-24,Indonesia
445,Chance,Handaside,chandasidecc@nasa.gov,Male,390-425-0836,1977-10-21,2019-01-20,Philippines
446,Keslie,Nickolls,knickollscd@nyu.edu,Female,131-813-2056,1983-07-07,2012-01-09,Brazil
447,Helga,Owers,howersce@printfriendly.com,Female,416-530-1876,1983-10-24,2013-10-03,Botswana
448,Averil,Jeaneau,ajeaneaucf@booking.com,Female,144-846-8641,1965-10-07,2014-08-11,France
449,Enriqueta,Haskew,ehaskewcg@scribd.com,Female,434-256-9366,1958-05-26,2021-12-04,China
450,Dall,Buffham,dbuffhamch@skyrock.com,Male,244-341-0785,1965-07-25,2021-04-23,Latvia
451,Haily,Lennard,hlennardci@cdc.gov,Male,839-948-6195,1985-08-19,2017-11-25,Serbia
452,Llywellyn,Manicom,lmanicomcj@netvibes.com,Male,604-368-7795,1977-07-08,2019-04-09,China
453,Townie,Radin,tradinck@springer.com,Male,856-654-6023,1970-04-19,2020-06-25,China
454,Angel,Nolda,anoldacl@cbsnews.com,Female,958-674-1764,1963-08-28,2013-01-25,France
455,Della,Stillert,dstillertcm@yellowbook.com,Female,760-200-3479,1984-10-06,2019-09-23,Indonesia
456,Cooper,Kopta,ckoptacn@youtu.be,Male,282-942-6960,1951-01-21,2021-07-05,China
457,Alecia,Koles,akolesco@wordpress.com,Female,686-490-0180,1953-01-31,2017-11-18,Honduras
458,Addia,MacDermid,amacdermidcp@phoca.cz,Female,658-723-9907,1957-06-18,2019-04-02,China
459,Faunie,Efford,feffordcq@google.cn,Female,273-162-5779,1965-04-27,2014-12-10,Portugal
460,Dave,Vint,dvintcr@shinystat.com,Male,921-114-5187,1956-05-09,2016-09-30,Indonesia
461,Lani,Fetherston,lfetherstoncs@typepad.com,Female,831-428-2782,1982-08-06,2015-05-15,Serbia
462,Aksel,Bill,abillct@ocn.ne.jp,Male,476-398-7362,1972-12-22,2016-09-29,Poland
463,Lind,Rhyme,lrhymecu@microsoft.com,Female,728-210-1441,1966-10-07,2019-03-01,Portugal
464,Alexandr,Forrestill,aforrestillcv@friendfeed.com,Male,503-358-8955,1982-01-22,2015-06-25,Portugal
465,Meier,Benfield,mbenfieldcw@hp.com,Male,121-621-7540,1968-07-24,2012-05-27,South Africa
466,Norma,Pre,nprecx@dion.ne.jp,Female,887-671-3565,1985-11-10,2019-10-24,South Korea
467,Vaughan,Silber,vsilbercy@berkeley.edu,Male,592-724-8422,1959-01-20,2012-03-09,Indonesia
468,Carlen,Swepstone,cswepstonecz@ovh.net,Female,273-954-0263,1972-10-08,2020-11-13,Malaysia
469,Lorrayne,Harkess,lharkessd0@edublogs.org,Female,584-200-3623,1961-11-10,2017-03-27,Afghanistan
470,Codi,Germain,cgermaind1@liveinternet.ru,Female,269-241-8936,1986-06-03,2020-03-23,Indonesia
471,Eberhard,Dyne,edyned2@miitbeian.gov.cn,Male,332-727-3307,1953-10-31,2013-06-13,Philippines
472,Helenka,Caudray,hcaudrayd3@seesaa.net,Female,423-338-2512,1977-09-03,2016-11-23,China
473,Reynard,Filliskirk,rfilliskirkd4@weebly.com,Male,704-854-6202,1982-11-23,2012-09-10,China
474,Derrick,Yoselevitch,dyoselevitchd5@hostgator.com,Male,401-846-1444,1968-01-24,2020-12-16,China
475,Gaby,Coales,gcoalesd6@yolasite.com,Male,267-476-8265,1954-05-16,2012-01-28,Mexico
476,Clarey,Thoday,cthodayd7@people.com.cn,Female,513-894-0198,1965-06-04,2012-03-14,United States
477,Joey,Lancastle,jlancastled8@pcworld.com,Female,666-152-3164,1964-10-20,2012-08-05,Thailand
478,Dosi,McAviy,dmcaviyd9@1und1.de,Female,489-417-6293,1963-07-13,2017-08-04,China
479,Dickie,Jezzard,djezzardda@clickbank.net,Male,263-801-6830,1956-04-14,2019-08-30,Ukraine
480,Bendicty,Paulsen,bpaulsendb@businessweek.com,Male,498-346-2046,1957-03-17,2014-07-31,Argentina
481,Alyce,Bortoloni,abortolonidc@spotify.com,Female,367-838-7905,1980-10-16,2020-05-25,Brazil
482,Manon,Prickett,mprickettdd@independent.co.uk,Female,595-133-3659,1965-07-08,2019-04-08,Cuba
483,Trudey,Bengall,tbengallde@skyrock.com,Female,363-655-3935,1963-08-31,2013-03-15,Egypt
484,Reade,Yannikov,ryannikovdf@dedecms.com,Male,260-309-4116,1972-12-04,2014-09-26,Chile
485,Sigismond,Learmonth,slearmonthdg@cmu.edu,Male,812-111-6833,1965-11-26,2018-07-08,Indonesia
486,Shurlocke,Mace,smacedh@geocities.com,Male,844-544-1877,1950-02-12,2017-08-05,Sweden
487,Kenn,Lodin,klodindi@delicious.com,Male,425-815-1254,1965-12-28,2012-06-05,Russia
488,Graeme,Robertot,grobertotdj@godaddy.com,Male,116-621-0646,1985-10-04,2020-08-18,China
489,Ricky,Wombwell,rwombwelldk@theguardian.com,Female,439-129-7102,1987-03-13,2016-10-30,China
490,Rita,Hatcliffe,rhatcliffedl@bbc.co.uk,Female,811-983-0932,1951-03-25,2015-10-04,China
491,Pegeen,Wibberley,pwibberleydm@omniture.com,Female,223-342-3685,1985-09-09,2014-01-02,China
492,Jaimie,Longfield,jlongfielddn@delicious.com,Female,245-648-4311,1989-04-20,2019-04-08,Portugal
493,Darsie,Hatrey,dhatreydo@goo.gl,Female,334-616-9988,1985-11-27,2013-02-07,Croatia
494,Cathrine,Corney,ccorneydp@a8.net,Female,281-789-2734,1975-08-18,2016-12-22,Russia
495,Ethan,Dwelly,edwellydq@psu.edu,Male,136-755-7367,1985-08-09,2018-08-24,Croatia
496,Stan,Busch,sbuschdr@blogtalkradio.com,Male,976-838-6203,1960-04-17,2017-10-16,Portugal
497,Marjory,Blodget,mblodgetds@go.com,Female,629-975-3965,1986-04-05,2018-09-15,France
498,Iorgos,Grono,igronodt@list-manage.com,Male,965-349-8222,1977-05-19,2014-04-23,China
499,Cullie,Mugridge,cmugridgedu@stanford.edu,Male,746-363-2693,1969-11-27,2020-06-08,Philippines
500,Conrado,Lennon,clennondv@posterous.com,Male,912-875-3484,1972-02-19,2019-06-05,China
501,Domingo,Speares,dspearesdw@bloglovin.com,Male,614-118-4203,1969-08-17,2013-03-26,Sweden
502,Charlie,Guiett,cguiettdx@yale.edu,Male,119-203-3181,1987-02-18,2019-11-11,China
503,Ilario,Collcott,icollcottdy@mtv.com,Male,596-259-9601,1974-05-30,2016-01-27,Russia
504,Spence,Cowles,scowlesdz@discuz.net,Male,833-231-1779,1979-11-11,2019-11-16,Thailand
505,Malcolm,Conyer,mconyere0@elpais.com,Male,606-114-1275,1983-03-07,2015-05-22,China
506,Susann,Birdsey,sbirdseye1@nih.gov,Female,656-784-0391,1983-07-14,2015-01-07,Indonesia
507,Eada,MacCallister,emaccallistere2@google.com.au,Female,352-324-8674,1963-12-24,2017-03-04,Luxembourg
508,Arlene,Bradnam,abradname3@wired.com,Female,849-380-5916,1988-05-12,2021-12-24,Argentina
509,Celina,Pasby,cpasbye4@addtoany.com,Female,439-370-5867,1984-03-20,2017-11-24,Indonesia
510,Gabriell,Alastair,galastaire5@linkedin.com,Female,695-563-2434,1968-10-31,2019-01-20,China
511,Torey,Venediktov,tvenediktove6@vkontakte.ru,Female,682-517-5362,1969-03-04,2015-05-21,China
512,Alanah,L'Homme,alhommee7@prlog.org,Female,656-377-9588,1954-07-01,2017-09-17,Philippines
513,Kelvin,Skeldon,kskeldone8@seesaa.net,Male,603-391-6161,1977-04-11,2020-09-25,China
514,Dolorita,Prandy,dprandye9@123-reg.co.uk,Female,866-248-6504,1989-12-03,2020-05-10,Ecuador
515,Ida,Smeath,ismeathea@sitemeter.com,Female,509-470-3766,1980-11-29,2015-08-19,Brazil
516,Haroun,Hynes,hhyneseb@creativecommons.org,Male,526-809-9281,1950-04-14,2013-10-03,Venezuela
517,Fae,Durban,fdurbanec@amazon.co.uk,Female,387-516-5886,1954-02-22,2019-06-25,China
518,Miguelita,Golt,mgolted@taobao.com,Female,731-173-2710,1972-06-05,2012-08-28,Brazil
519,Talbert,Jenman,tjenmanee@smugmug.com,Male,241-570-2421,1972-08-03,2016-07-28,Philippines
520,Erhard,O'Longain,eolongainef@yellowpages.com,Male,416-446-5615,1959-11-20,2020-12-05,Chad
521,Lynnea,Hellwing,lhellwingeg@pcworld.com,Female,720-475-0171,1981-11-02,2013-01-25,Indonesia
522,Carleton,Paulitschke,cpaulitschkeeh@feedburner.com,Male,205-618-3544,1958-12-11,2016-11-10,Uzbekistan
523,Rodolph,Fisbburne,rfisbburneei@dot.gov,Male,310-597-0091,1976-06-07,2016-03-27,United States
524,Inessa,Yarnley,iyarnleyej@prnewswire.com,Female,510-275-3262,1978-01-09,2021-01-03,China
525,Padraig,Ritmeyer,pritmeyerek@amazon.co.uk,Male,633-845-4304,1966-04-22,2018-10-29,Ukraine
526,Pepi,Cowill,pcowillel@webmd.com,Female,508-100-3192,1988-10-22,2013-02-01,Bahamas
527,Darren,Siverns,dsivernsem@elpais.com,Male,952-224-8077,1986-11-26,2012-07-05,Portugal
528,Kalina,Warre,kwarreen@tamu.edu,Female,867-739-8268,1988-09-11,2018-07-20,Cuba
529,Liva,Moss,lmosseo@issuu.com,Female,527-326-3063,1984-02-08,2017-04-20,Honduras
530,Tove,Wingar,twingarep@sohu.com,Female,525-439-6682,1962-11-04,2012-04-29,Russia
531,Josselyn,Knatt,jknatteq@acquirethisname.com,Female,606-713-2956,1979-04-08,2017-05-17,China
532,Alys,Daouse,adaouseer@telegraph.co.uk,Female,394-391-5203,1972-07-14,2020-09-02,Namibia
533,Alissa,Kobisch,akobisches@answers.com,Female,121-152-8034,1982-12-31,2018-09-08,Russia
534,Hyacinthie,Taw,htawet@cornell.edu,Female,291-703-3424,1971-03-22,2012-06-28,Peru
535,Arlan,Gheeraert,agheeraerteu@instagram.com,Male,972-627-8787,1968-12-19,2013-08-26,Croatia
536,Ruddie,Firman,rfirmanev@bluehost.com,Male,228-885-9335,1972-10-12,2020-04-20,Russia
537,Keven,Bayliss,kbaylissew@prnewswire.com,Male,608-584-9910,1974-05-16,2014-04-16,Indonesia
538,Ros,De Launde,rdelaundeex@wikia.com,Female,228-669-1136,1971-09-02,2020-08-06,Indonesia
539,Rosalyn,Tett,rtettey@mit.edu,Female,937-135-8326,1975-11-26,2013-03-30,Ukraine
540,Leonore,Sisse,lsisseez@mit.edu,Female,135-607-1133,1962-03-09,2018-02-10,Philippines
541,Frances,Maggill'Andreis,fmaggillandreisf0@weebly.com,Female,330-571-8009,1953-08-30,2012-03-11,Indonesia
542,Gretna,Jeckell,gjeckellf1@examiner.com,Female,896-952-7837,1962-07-18,2015-11-01,Syria
543,Riki,Lanchbery,rlanchberyf2@narod.ru,Female,207-807-5104,1957-06-18,2020-09-03,Oman
544,Joela,Millington,jmillingtonf3@nih.gov,Female,928-691-0858,1961-02-23,2013-07-31,China
545,Rance,Gollin,rgollinf4@tumblr.com,Male,928-984-3129,1978-01-26,2012-02-11,South Africa
546,Merv,Cheetham,mcheethamf5@cpanel.net,Male,375-971-2666,1956-08-14,2018-12-09,Ukraine
547,Kalil,Caffery,kcafferyf6@telegraph.co.uk,Male,631-910-0136,1950-03-21,2019-01-12,Indonesia
548,Tabbitha,Kidner,tkidnerf7@google.co.jp,Female,795-350-6177,1962-05-08,2016-02-24,Philippines
549,Dru,Chilvers,dchilversf8@nationalgeographic.com,Female,914-752-7786,1989-02-11,2013-05-07,Norway
550,Madelyn,Stutte,mstuttef9@eventbrite.com,Female,608-443-2157,1982-12-17,2019-03-28,Morocco
551,Maximilien,Lythgoe,mlythgoefa@latimes.com,Male,596-706-7493,1966-12-05,2019-12-17,Russia
552,Clayson,Deane,cdeanefb@php.net,Male,611-663-7741,1961-03-23,2013-02-22,Comoros
553,Valaria,Lusty,vlustyfc@ameblo.jp,Female,479-538-3822,1960-11-26,2012-01-26,Croatia
554,Victoir,Athey,vatheyfd@blogs.com,Male,941-953-1546,1972-07-26,2014-04-03,Philippines
555,Aurel,Mablestone,amablestonefe@mtv.com,Female,656-444-5241,1953-02-20,2013-02-25,Vietnam
556,Mario,Reinbach,mreinbachff@businessinsider.com,Male,891-128-1504,1968-11-18,2021-10-14,Brazil
557,Bronny,O'Hoey,bohoeyfg@bloglovin.com,Male,904-215-4955,1976-06-13,2017-01-02,China
558,Brenden,Nairne,bnairnefh@myspace.com,Male,990-760-3271,1951-05-27,2016-02-18,Poland
559,Faulkner,Kirkham,fkirkhamfi@accuweather.com,Male,368-920-9466,1973-06-05,2016-09-18,Colombia
560,Jessy,Jeans,jjeansfj@springer.com,Female,881-961-9318,1987-12-19,2021-10-06,Russia
561,Noella,Hackley,nhackleyfk@imageshack.us,Female,215-719-8306,1957-10-06,2018-01-05,Brazil
562,Gonzales,Huddleston,ghuddlestonfl@ocn.ne.jp,Male,370-750-9348,1970-02-01,2021-06-15,Canada
563,Birch,Scirman,bscirmanfm@goo.ne.jp,Male,132-908-9482,1963-05-11,2016-08-10,Peru
564,Teddie,Aspey,taspeyfn@g.co,Male,442-256-7777,1973-10-25,2014-07-20,Czech Republic
565,Cynthie,Maharey,cmahareyfo@freewebs.com,Female,280-797-7284,1963-04-16,2016-05-30,Botswana
566,Brietta,Langan,blanganfp@elegantthemes.com,Female,733-631-2381,1968-12-29,2012-03-13,Denmark
567,Joellyn,Stoppe,jstoppefq@ow.ly,Female,622-739-1705,1960-11-24,2017-02-13,China
568,Charlean,Ambrogioli,cambrogiolifr@ca.gov,Female,685-520-6754,1954-05-03,2016-10-03,China
569,Hobey,Bonanno,hbonannofs@nationalgeographic.com,Male,757-356-8769,1974-03-22,2017-02-14,Mexico
570,Drusie,Baldassi,dbaldassift@naver.com,Female,951-203-3728,1963-03-07,2012-01-15,Indonesia
571,Bink,Hendrickson,bhendricksonfu@fda.gov,Male,140-342-3942,1989-11-13,2014-04-21,Indonesia
572,Rhea,Flowerden,rflowerdenfv@sohu.com,Female,504-453-9876,1952-01-04,2020-12-09,Mexico
573,Demetris,Penk,dpenkfw@pbs.org,Male,274-452-3850,1959-02-08,2016-08-30,Indonesia
574,Basilio,Champney,bchampneyfx@oakley.com,Male,973-795-6130,1951-02-16,2015-06-10,Poland
575,Kilian,Stagge,kstaggefy@apache.org,Male,688-276-5161,1959-08-30,2018-08-03,Indonesia
576,Harrie,Cossam,hcossamfz@wired.com,Female,224-454-3841,1963-03-15,2017-04-19,China
577,Tedie,Dobrowlski,tdobrowlskig0@4shared.com,Male,618-527-1916,1972-03-26,2015-03-16,Ukraine
578,Toddie,Blouet,tblouetg1@mapy.cz,Male,684-600-8664,1954-10-17,2020-10-31,China
579,Christan,Brackley,cbrackleyg2@flickr.com,Female,595-307-3152,1971-06-12,2012-10-08,Brazil
580,Shaylyn,Kitney,skitneyg3@goo.gl,Female,768-457-3311,1952-07-11,2018-11-10,South Korea
581,Mike,Synan,msynang4@tamu.edu,Male,584-307-3198,1950-05-04,2020-07-30,Kosovo
582,Lynnea,Claridge,lclaridgeg5@google.cn,Female,167-343-1432,1964-06-17,2016-05-13,Denmark
583,Godfry,Wrotchford,gwrotchfordg6@4shared.com,Male,418-708-2636,1984-04-25,2020-09-27,Argentina
584,Lee,Pitkin,lpitking7@chicagotribune.com,Male,565-847-4720,1989-04-10,2017-10-23,Russia
585,Peter,Burdikin,pburdiking8@opera.com,Male,391-378-2687,1977-03-10,2014-02-26,Indonesia
586,Demetri,Peregrine,dperegrineg9@twitpic.com,Male,607-766-4337,1952-04-01,2021-04-02,Finland
587,Martica,Merchant,mmerchantga@abc.net.au,Female,676-260-7868,1983-08-03,2013-03-14,Portugal
588,Estell,Sherringham,esherringhamgb@utexas.edu,Female,668-468-6784,1989-05-30,2015-06-24,Cyprus
589,Lara,Netting,lnettinggc@free.fr,Female,653-673-3073,1954-10-31,2019-10-25,Croatia
590,Ileana,Grundy,igrundygd@icq.com,Female,160-475-0641,1959-12-27,2018-04-26,Brazil
591,Kariotta,Dolder,kdolderge@cnn.com,Female,667-478-8276,1973-12-10,2012-06-13,Indonesia
592,Lyman,Feasey,lfeaseygf@go.com,Male,336-411-9834,1977-08-12,2018-06-12,Philippines
593,Yule,Barmby,ybarmbygg@istockphoto.com,Male,875-174-8902,1963-08-04,2017-06-14,Canada
594,Hadleigh,Pinnion,hpinniongh@xinhuanet.com,Male,888-464-8591,1981-11-06,2019-03-18,Mauritania
595,Goddard,Bullman,gbullmangi@usgs.gov,Male,392-564-9218,1960-10-30,2021-03-24,Philippines
596,Alaric,Isacsson,aisacssongj@economist.com,Male,721-743-5115,1954-09-10,2014-03-13,Poland
597,Glennis,Burkart,gburkartgk@pbs.org,Female,503-799-0155,1965-11-21,2020-03-04,Indonesia
598,Bee,Dellenbrok,bdellenbrokgl@google.com.au,Female,260-299-1755,1971-06-05,2012-03-12,Thailand
599,Anthia,Yeandel,ayeandelgm@xrea.com,Female,536-793-0903,1952-07-20,2019-12-06,Sweden
600,Bill,Brisley,bbrisleygn@jiathis.com,Female,308-863-8036,1968-09-15,2012-07-27,Kazakhstan
601,Parsifal,Woodlands,pwoodlandsgo@netvibes.com,Male,714-687-5650,1979-11-11,2018-07-11,Colombia
602,Jeffie,Grisewood,jgrisewoodgp@mediafire.com,Male,184-141-8812,1963-11-06,2020-05-14,Vietnam
603,Don,Leguay,dleguaygq@bbb.org,Male,984-322-8617,1960-03-27,2012-03-13,China
604,Miranda,Jakubowski,mjakubowskigr@netlog.com,Female,956-846-5332,1959-02-05,2016-05-19,Indonesia
605,Bernadene,Lovstrom,blovstromgs@shinystat.com,Female,172-407-6555,1966-01-03,2021-12-20,Cameroon
606,Sutton,Morley,smorleygt@yahoo.co.jp,Male,876-588-5744,1954-10-04,2020-03-10,Indonesia
607,Darn,Brett,dbrettgu@gov.uk,Male,528-758-0128,1987-04-08,2021-12-08,Sweden
608,Chase,Cleveland,cclevelandgv@spotify.com,Male,498-486-0466,1958-02-01,2016-04-10,Panama
609,Yoko,Slyne,yslynegw@unc.edu,Female,284-326-1732,1984-10-12,2015-12-23,Niger
610,Mavra,Osbiston,mosbistongx@ucla.edu,Female,264-866-8212,1984-12-31,2014-12-29,China
611,Petey,Melsome,pmelsomegy@ebay.co.uk,Male,718-455-1682,1987-09-11,2020-01-27,China
612,Cristian,Staunton,cstauntongz@cocolog-nifty.com,Male,898-567-2553,1986-02-08,2017-12-24,France
613,Baird,Gillogley,bgillogleyh0@amazon.co.uk,Male,917-284-6976,1972-07-09,2020-05-29,Indonesia
614,Emanuele,Fitter,efitterh1@bluehost.com,Male,467-535-0055,1989-02-03,2021-09-14,Indonesia
615,Glen,Massot,gmassoth2@cyberchimps.com,Male,718-581-6085,1957-03-30,2016-07-07,Russia
616,Dacia,Corner,dcornerh3@delicious.com,Female,756-940-7456,1965-05-10,2017-08-29,Brazil
617,Miquela,Durrad,mdurradh4@cdbaby.com,Female,740-949-7699,1988-06-17,2020-01-09,Gambia
618,Dermot,Jameson,djamesonh5@trellian.com,Male,725-809-9622,1977-10-25,2013-07-18,Sweden
619,Shermie,Ingram,singramh6@symantec.com,Male,478-159-2151,1956-07-10,2019-11-02,Philippines
620,Winifield,Behneke,wbehnekeh7@businesswire.com,Male,631-977-7770,1958-01-18,2017-11-13,Finland
621,Cordula,Caunt,ccaunth8@blogspot.com,Female,725-374-0250,1963-07-23,2014-02-14,Sweden
622,Red,Hawse,rhawseh9@epa.gov,Male,253-416-1798,1983-12-22,2013-09-27,China
623,Ardelis,Louw,alouwha@exblog.jp,Female,592-440-5520,1977-04-13,2012-04-22,Russia
624,Brandy,Matthaus,bmatthaushb@taobao.com,Male,944-870-3960,1977-09-30,2015-07-02,Yemen
625,Cosme,Ambrogini,cambroginihc@freewebs.com,Male,445-920-5414,1974-09-18,2017-12-11,Russia
626,Aggy,Kither,akitherhd@photobucket.com,Female,681-111-8130,1951-04-15,2013-12-16,Spain
627,Archy,Ladell,aladellhe@mayoclinic.com,Male,390-959-6547,1966-07-11,2015-05-07,Sweden
628,Marlon,Phillips,mphillipshf@yandex.ru,Male,457-669-4489,1960-02-10,2015-03-21,Kenya
629,Brad,Scardefield,bscardefieldhg@state.tx.us,Male,170-560-3559,1971-02-19,2021-11-24,Russia
630,Maura,Springford,mspringfordhh@narod.ru,Female,591-327-1128,1956-08-31,2018-03-26,Argentina
631,Aristotle,Gorcke,agorckehi@globo.com,Male,443-884-3746,1955-05-25,2016-12-19,China
632,Austin,Hartwright,ahartwrighthj@reference.com,Female,825-424-7135,1986-03-20,2019-05-01,Cuba
633,Crawford,Linggood,clinggoodhk@businessweek.com,Male,747-632-8941,1977-02-20,2017-12-19,Indonesia
634,Alphard,Purselowe,apurselowehl@sciencedirect.com,Male,208-557-9710,1960-11-04,2020-02-08,Indonesia
635,Alex,Sayers,asayershm@shutterfly.com,Female,779-176-3121,1967-05-24,2014-01-14,Azerbaijan
636,Lynna,Caldicott,lcaldicotthn@netvibes.com,Female,789-521-2621,1983-01-14,2018-02-22,Thailand
637,Carissa,Janew,cjanewho@boston.com,Female,339-866-4372,1965-05-06,2013-06-22,China
638,Meredith,Poon,mpoonhp@loc.gov,Male,242-191-7017,1954-02-22,2014-04-04,Malaysia
639,Cyndi,Duly,cdulyhq@phoca.cz,Female,602-505-8228,1987-03-15,2021-10-07,United States
640,Emelia,Tasch,etaschhr@latimes.com,Female,687-489-5543,1970-08-18,2019-03-21,Serbia
641,Maddie,Gummery,mgummeryhs@google.fr,Female,832-456-0733,1986-07-31,2018-12-05,Brazil
642,Tadd,Wilkinson,twilkinsonht@ifeng.com,Male,616-391-0299,1979-10-15,2020-12-21,Indonesia
643,Ingmar,Brumhead,ibrumheadhu@elegantthemes.com,Male,595-569-2655,1964-10-26,2014-10-25,North Korea
644,David,Boik,dboikhv@paginegialle.it,Male,117-191-1565,1955-03-09,2014-02-01,Thailand
645,Jeffrey,House,jhousehw@moonfruit.com,Male,885-582-4434,1951-05-22,2014-03-20,Guatemala
646,Dimitri,Stubbeley,dstubbeleyhx@ifeng.com,Male,255-163-1521,1973-07-14,2012-12-08,Argentina
647,Adelle,Layman,alaymanhy@tiny.cc,Female,352-355-2048,1975-07-13,2020-10-08,Bosnia and Herzegovina
648,Reinhard,Andrasch,randraschhz@moonfruit.com,Male,300-371-2522,1983-03-19,2015-02-12,Indonesia
649,Timmi,Trow,ttrowi0@theatlantic.com,Female,520-535-6466,1964-11-12,2018-01-02,Sweden
650,Ebba,Dobel,edobeli1@cdc.gov,Female,780-669-5115,1973-09-06,2014-05-30,Portugal
651,Raffaello,Caselli,rcasellii2@usda.gov,Male,365-682-3259,1952-04-20,2019-04-16,Brazil
652,Annnora,Daniell,adanielli3@barnesandnoble.com,Female,323-395-1333,1954-03-18,2012-05-18,China
653,Fay,Bubbings,fbubbingsi4@a8.net,Female,314-742-7355,1952-04-20,2017-06-02,United States
654,Devan,Tunnoch,dtunnochi5@jugem.jp,Female,855-474-9299,1954-10-13,2012-09-21,Indonesia
655,Broderick,Cortnay,bcortnayi6@europa.eu,Male,888-409-3358,1975-01-26,2012-01-13,Indonesia
656,Garwood,Willden,gwilldeni7@patch.com,Male,859-148-5884,1957-11-10,2019-10-20,Czech Republic
657,Travus,Peto,tpetoi8@home.pl,Male,841-889-6263,1956-04-09,2018-10-29,Sweden
658,Doug,Vannikov,dvannikovi9@google.co.uk,Male,932-300-6000,1953-05-20,2019-11-06,North Korea
659,Killie,Goosey,kgooseyia@columbia.edu,Male,410-488-9570,1954-07-09,2012-12-25,China
660,Lenore,Meacher,lmeacherib@omniture.com,Female,983-108-9035,1981-04-01,2014-11-30,China
661,Hillary,Maccrae,hmaccraeic@cnet.com,Female,799-487-6989,1982-01-28,2012-01-01,Poland
662,Lief,Coward,lcowardid@imgur.com,Male,360-845-4670,1986-03-14,2016-08-11,South Africa
663,Wylma,Downie,wdownieie@pcworld.com,Female,301-604-9409,1950-08-20,2019-06-01,United Kingdom
664,Baudoin,Miners,bminersif@about.me,Male,745-599-6146,1952-06-19,2012-12-19,China
665,Nerta,Reside,nresideig@newsvine.com,Female,886-821-0603,1950-04-22,2016-09-08,Japan
666,Jacki,Rosellini,jroselliniih@google.ru,Female,388-206-4219,1967-09-03,2021-12-23,Sweden
667,Jonathon,Mighele,jmigheleii@t.co,Male,822-917-7448,1980-08-22,2018-01-01,China
668,Anabella,Tripet,atripetij@nps.gov,Female,185-695-4426,1976-06-21,2017-04-25,Iceland
669,Noella,Klarzynski,nklarzynskiik@icio.us,Female,155-254-7055,1963-09-18,2021-06-29,Dominican Republic
670,Billie,Voyce,bvoyceil@umn.edu,Female,741-551-7803,1978-12-12,2015-04-04,Pakistan
671,Con,Botley,cbotleyim@facebook.com,Male,215-478-6394,1989-02-16,2014-06-30,South Sudan
672,Bealle,Trustram,btrustramin@nytimes.com,Male,557-430-5510,1955-10-25,2016-06-20,China
673,Joel,Nicklinson,jnicklinsonio@home.pl,Male,867-937-7505,1962-12-19,2019-02-05,Poland
674,Riki,Hallows,rhallowsip@unblog.fr,Female,450-839-8747,1976-09-24,2018-01-11,China
675,Nikki,Gotling,ngotlingiq@berkeley.edu,Female,479-631-9928,1988-09-04,2018-09-18,China
676,Wildon,Eccleston,wecclestonir@amazon.co.uk,Male,359-653-3693,1952-03-03,2018-01-01,France
677,Steffen,Robeiro,srobeirois@biblegateway.com,Male,181-536-1805,1954-07-07,2021-07-19,Philippines
678,Feodor,Fern,ffernit@blogtalkradio.com,Male,781-516-8266,1972-08-07,2018-09-17,United States
679,Clim,Bean,cbeaniu@unesco.org,Male,165-950-0002,1956-12-31,2019-08-07,Japan
680,Harlin,Roman,hromaniv@bbb.org,Male,928-262-3080,1971-03-08,2020-12-10,Tanzania
681,Kaycee,Tracy,ktracyiw@eventbrite.com,Female,633-165-8126,1954-03-13,2018-10-08,Indonesia
682,Juliana,Blazejewski,jblazejewskiix@google.com.hk,Female,722-662-4905,1961-08-06,2019-03-02,Syria
683,Noni,Peotz,npeotziy@123-reg.co.uk,Female,499-590-6283,1952-07-13,2018-10-21,China
684,Wynnie,McFayden,wmcfaydeniz@usatoday.com,Female,572-714-6140,1959-05-03,2012-06-08,Indonesia
685,Ardene,Landa,alandaj0@mlb.com,Female,539-162-3844,1964-04-01,2017-03-11,France
686,Shelly,Redley,sredleyj1@google.com.br,Female,453-296-6803,1960-02-24,2017-12-17,North Korea
687,Phillie,Vereker,pverekerj2@buzzfeed.com,Female,606-514-2758,1959-02-03,2017-11-26,Colombia
688,Jojo,Abbott,jabbottj3@gizmodo.com,Female,376-751-9424,1985-08-14,2019-02-01,Brazil
689,Morry,Yitzhok,myitzhokj4@imdb.com,Male,330-968-8368,1981-10-31,2021-06-13,Peru
690,Katrinka,Gaish,kgaishj5@ucla.edu,Female,134-243-4701,1985-08-13,2017-01-21,Sweden
691,Jolie,Spandley,jspandleyj6@usa.gov,Female,447-723-4508,1957-05-13,2021-05-31,Albania
692,Billy,Kolinsky,bkolinskyj7@samsung.com,Male,266-356-3492,1986-06-02,2019-06-30,China
693,Ryann,Jowers,rjowersj8@sbwire.com,Female,364-844-7297,1954-06-13,2016-02-12,China
694,Marabel,Battersby,mbattersbyj9@cbsnews.com,Female,941-735-7379,1987-11-29,2016-01-22,Ukraine
695,Freedman,Knutton,fknuttonja@accuweather.com,Male,964-829-7522,1986-10-18,2019-06-10,Guatemala
696,Augustin,Dryburgh,adryburghjb@altervista.org,Male,552-721-8911,1962-04-29,2012-10-07,Sweden
697,Salmon,Pitkeathly,spitkeathlyjc@netvibes.com,Male,438-300-1080,1987-12-23,2013-05-19,Mongolia
698,Belle,Riddall,briddalljd@feedburner.com,Female,290-428-1716,1980-12-13,2017-05-23,Libya
699,Gilbertina,Gabbetis,ggabbetisje@addtoany.com,Female,539-760-9261,1951-01-27,2014-10-23,Portugal
700,Erinn,Whitrod,ewhitrodjf@phoca.cz,Female,176-657-9081,1951-02-08,2020-02-17,Netherlands
701,Axel,Fotherby,afotherbyjg@mac.com,Male,728-472-2826,1959-01-21,2019-05-05,Argentina
702,Malina,McAuley,mmcauleyjh@topsy.com,Female,915-420-4611,1954-10-22,2014-12-31,Vietnam
703,Purcell,Pollock,ppollockji@unesco.org,Male,906-276-7333,1958-01-17,2018-10-12,Poland
704,Harlie,Tubbs,htubbsjj@theatlantic.com,Female,458-980-6538,1982-06-11,2020-08-07,China
705,Bobby,Trounce,btrouncejk@merriam-webster.com,Female,588-900-0461,1960-06-08,2014-11-19,Indonesia
706,Jammie,Stairmand,jstairmandjl@wikipedia.org,Female,116-736-6599,1969-11-10,2015-07-29,Poland
707,Harriott,Hartgill,hhartgilljm@about.com,Female,860-116-3091,1951-07-08,2021-02-18,Croatia
708,Maxim,Nizet,mnizetjn@dmoz.org,Male,984-597-4861,1981-03-21,2013-04-01,France
709,Liuka,Haine,lhainejo@slideshare.net,Female,705-769-8784,1954-06-06,2020-07-19,China
710,Merrill,Bradder,mbradderjp@utexas.edu,Male,980-914-0374,1977-02-24,2013-09-10,Philippines
711,Jordan,Bore,jborejq@yahoo.com,Female,271-425-1567,1978-06-30,2012-04-11,China
712,Mabel,Chapell,mchapelljr@baidu.com,Female,109-111-1871,1983-03-22,2017-03-29,Indonesia
713,Tailor,Dipple,tdipplejs@topsy.com,Male,772-679-7795,1984-07-03,2017-03-16,Philippines
714,Jacob,Drever,jdreverjt@lycos.com,Male,807-366-7835,1966-05-01,2021-02-04,China
715,Jessalin,Lister,jlisterju@istockphoto.com,Female,805-127-5370,1967-02-07,2019-01-21,Indonesia
716,April,Stabler,astablerjv@youtube.com,Female,465-105-4171,1976-02-06,2016-11-18,Sweden
717,Franny,Pinn,fpinnjw@europa.eu,Male,555-520-5374,1960-10-01,2019-04-30,Russia
718,Bret,Ballam,bballamjx@ebay.com,Male,162-518-0048,1972-01-22,2021-07-25,Japan
719,Odele,Blake,oblakejy@japanpost.jp,Female,502-888-6424,1954-06-25,2019-05-09,Brazil
720,Merlina,Mawdsley,mmawdsleyjz@walmart.com,Female,726-349-4914,1963-02-26,2018-01-09,Cameroon
721,Jacinthe,Arkil,jarkilk0@berkeley.edu,Female,980-694-7140,1951-06-20,2021-08-07,Indonesia
722,Aylmer,Feild,afeildk1@creativecommons.org,Male,520-473-4294,1985-04-24,2014-02-07,United States
723,Annette,Stutely,astutelyk2@wikipedia.org,Female,743-162-7600,1963-01-01,2016-02-19,Czech Republic
724,Jason,Rayburn,jrayburnk3@redcross.org,Male,173-266-6852,1974-04-12,2013-04-25,China
725,Edna,Stidever,estideverk4@redcross.org,Female,682-737-3179,1987-10-05,2012-07-14,France
726,Charla,Mosten,cmostenk5@behance.net,Female,422-997-6672,1978-08-11,2018-01-04,Portugal
727,Heinrick,Smallbone,hsmallbonek6@gnu.org,Male,255-641-1963,1973-09-28,2016-08-03,Poland
728,Nicol,Pendlebury,npendleburyk7@cnbc.com,Female,365-189-2728,1965-02-16,2014-07-21,Ecuador
729,Myrlene,Osgordby,mosgordbyk8@wiley.com,Female,420-270-3187,1977-02-19,2015-03-14,Portugal
730,Roy,Sommer,rsommerk9@acquirethisname.com,Male,130-988-0510,1960-10-29,2017-09-12,Brazil
731,Glen,Meins,gmeinska@tmall.com,Male,508-504-2072,1982-11-07,2016-09-27,Philippines
732,Neile,Bye,nbyekb@ovh.net,Female,220-887-4487,1965-01-05,2021-02-12,Russia
733,Gilbertina,D'Onise,gdonisekc@yellowbook.com,Female,149-726-8966,1963-12-01,2020-11-22,Lithuania
734,Ringo,Antal,rantalkd@simplemachines.org,Male,258-495-6091,1988-10-22,2019-08-09,China
735,Letitia,Jamson,ljamsonke@flavors.me,Female,223-417-7637,1989-05-15,2016-01-28,Brazil
736,Dale,Worsnip,dworsnipkf@i2i.jp,Male,885-978-5368,1985-08-19,2014-07-18,Azerbaijan
737,Horten,Skilton,hskiltonkg@over-blog.com,Male,885-742-4018,1957-11-19,2012-03-28,Croatia
738,Margalit,Poon,mpoonkh@ucla.edu,Female,725-827-1555,1963-10-22,2016-06-23,Russia
739,Emmit,Wolseley,ewolseleyki@google.ru,Male,566-573-9734,1988-04-20,2013-12-21,Bosnia and Herzegovina
740,Lyn,Marshland,lmarshlandkj@amazon.com,Female,713-649-5946,1954-03-20,2015-12-19,United States
741,Patton,Speare,pspearekk@hugedomains.com,Male,868-156-6810,1987-04-03,2015-03-13,Venezuela
742,Francois,Carnaman,fcarnamankl@youtube.com,Male,217-852-8567,1961-04-04,2015-12-15,China
743,Bili,Lawie,blawiekm@princeton.edu,Female,374-611-8295,1976-10-24,2019-07-22,Indonesia
744,Marlow,Goldman,mgoldmankn@archive.org,Male,300-130-8025,1974-11-11,2017-10-13,Slovenia
745,Edie,Julien,ejulienko@guardian.co.uk,Female,200-650-4507,1973-07-27,2013-02-27,Paraguay
746,Cullin,Castell,ccastellkp@creativecommons.org,Male,302-458-8047,1952-03-26,2013-06-18,Ukraine
747,Travers,Foster-Smith,tfostersmithkq@ucoz.ru,Male,721-775-9531,1980-01-21,2021-03-03,China
748,Zachery,Gronowe,zgronowekr@rediff.com,Male,291-693-5601,1973-07-20,2012-06-06,Libya
749,Nona,Lawrence,nlawrenceks@seesaa.net,Female,499-467-0769,1973-05-28,2018-05-24,Portugal
750,Egor,Nation,enationkt@ibm.com,Male,240-152-9510,1977-01-04,2015-11-26,Philippines
751,Ginger,O'Tierney,gotierneyku@vk.com,Male,554-167-7913,1953-11-06,2019-03-03,Indonesia
752,Raphael,Bayston,rbaystonkv@google.it,Male,391-329-3033,1985-05-17,2016-06-04,Ukraine
753,Richmound,Szymonowicz,rszymonowiczkw@scientificamerican.com,Male,303-573-9267,1989-05-17,2017-02-23,Sweden
754,Audry,Gotliffe,agotliffekx@go.com,Female,427-433-2521,1956-09-28,2014-03-03,Russia
755,Gerard,Pickthorn,gpickthornky@ebay.com,Male,445-188-9914,1977-10-31,2013-02-06,Yemen
756,Mahala,Reedie,mreediekz@tripod.com,Female,455-778-8227,1981-04-22,2020-09-03,Armenia
757,Dave,Jiras,djirasl0@issuu.com,Male,239-686-0409,1964-04-29,2020-02-12,Kazakhstan
758,Victoria,Teasell,vteaselll1@yahoo.com,Female,620-753-3829,1957-12-02,2016-06-19,Indonesia
759,Sheridan,Urvoy,survoyl2@edublogs.org,Male,177-373-8705,1959-03-19,2014-11-02,Mexico
760,Corina,Venour,cvenourl3@shop-pro.jp,Female,933-454-1958,1967-11-25,2016-12-20,China
761,Alys,Pigden,apigdenl4@sphinn.com,Female,581-865-9822,1972-01-22,2018-01-04,Palestinian Territory
762,Loren,Blackmoor,lblackmoorl5@nsw.gov.au,Male,835-736-7309,1964-09-16,2017-12-21,Russia
763,Jada,Dadge,jdadgel6@wired.com,Female,164-175-7091,1974-12-03,2019-01-13,Russia
764,Tanney,Habble,thabblel7@pinterest.com,Male,468-347-5560,1987-12-14,2015-01-02,Japan
765,Ashla,Menci,amencil8@state.gov,Female,883-926-4753,1957-06-06,2014-08-08,Brazil
766,Jasmin,Faucett,jfaucettl9@squidoo.com,Female,265-160-0325,1974-09-17,2014-07-01,France
767,Sig,Kendrick,skendrickla@amazon.de,Male,747-580-6355,1964-01-21,2018-11-08,Indonesia
768,Sandi,Bulley,sbulleylb@studiopress.com,Female,346-564-1886,1961-09-23,2021-08-18,Portugal
769,Madel,Gateshill,mgateshilllc@jimdo.com,Female,385-826-0818,1984-07-14,2014-11-20,Portugal
770,Mavra,Braisted,mbraistedld@hao123.com,Female,485-323-2565,1987-05-07,2012-02-06,Argentina
771,Lindy,Kunkel,lkunkelle@guardian.co.uk,Male,749-562-8665,1960-04-11,2014-06-07,Norway
772,Wendie,Youel,wyouellf@fda.gov,Female,353-591-6404,1954-01-04,2017-12-11,Colombia
773,Filmer,Ovesen,fovesenlg@soundcloud.com,Male,608-587-7108,1981-03-19,2012-05-15,Vanuatu
774,Barron,Cordelet,bcordeletlh@fastcompany.com,Male,259-360-5654,1973-09-28,2013-09-10,China
775,Ivan,Rivers,iriversli@cafepress.com,Male,268-807-2541,1977-03-24,2020-09-07,Poland
776,Johnath,McDuff,jmcdufflj@hostgator.com,Female,476-669-1733,1985-08-08,2014-09-28,Colombia
777,Constanta,Shalcros,cshalcroslk@wikia.com,Female,150-169-6072,1984-05-17,2015-02-26,Ukraine
778,Nonie,Roseborough,nroseboroughll@ed.gov,Female,635-377-0284,1983-06-21,2015-09-10,China
779,Skylar,Jenckes,sjenckeslm@simplemachines.org,Male,409-511-5580,1961-08-25,2016-06-04,Philippines
780,Morgan,Jerwood,mjerwoodln@bloglovin.com,Male,961-599-9187,1976-12-13,2014-01-20,Brazil
781,Terrell,Dalziell,tdalzielllo@reddit.com,Male,144-389-0625,1984-10-21,2012-02-04,Brazil
782,Brewer,Cicutto,bcicuttolp@goo.gl,Male,946-354-8226,1966-08-17,2020-11-11,Indonesia
783,Griswold,Timlett,gtimlettlq@spiegel.de,Male,690-435-8513,1963-09-25,2014-03-03,China
784,Aileen,Reddell,areddelllr@moonfruit.com,Female,389-283-2796,1978-03-20,2013-07-15,Poland
785,Thalia,Titmuss,ttitmussls@purevolume.com,Female,583-578-1400,1964-10-09,2019-06-22,Russia
786,Suzanne,Whitehurst,swhitehurstlt@bandcamp.com,Female,372-904-0271,1962-01-14,2016-02-12,France
787,Randee,Bonifacio,rbonifaciolu@google.com.au,Female,124-784-3732,1970-10-06,2016-03-28,Russia
788,Reina,Laville,rlavillelv@gmpg.org,Female,369-315-2794,1979-03-21,2014-01-22,China
789,Milton,Damrel,mdamrellw@weibo.com,Male,934-936-8034,1976-10-08,2018-06-11,China
790,Stanly,Aarons,saaronslx@reverbnation.com,Male,881-499-6463,1953-03-12,2018-09-24,Macedonia
791,Celestina,Broinlich,cbroinlichly@phpbb.com,Female,233-268-1017,1964-09-17,2012-05-18,China
792,Sylas,Ubsdale,subsdalelz@dailymotion.com,Male,571-803-8294,1988-06-18,2017-09-12,Pakistan
793,Oona,Episcopi,oepiscopim0@privacy.gov.au,Female,502-328-4814,1958-08-14,2013-04-21,Indonesia
794,Arielle,Blodgett,ablodgettm1@blogs.com,Female,912-270-0572,1985-05-04,2015-06-23,Philippines
795,Arne,Sherewood,asherewoodm2@biblegateway.com,Male,190-385-6820,1964-11-09,2018-11-18,Brazil
796,Kirbee,McInnerny,kmcinnernym3@oakley.com,Female,189-413-9405,1977-03-09,2012-05-24,Brazil
797,Morris,Peedell,mpeedellm4@arizona.edu,Male,162-105-3647,1979-04-26,2018-06-14,China
798,Kattie,Scini,kscinim5@jimdo.com,Female,218-386-6091,1955-09-30,2013-10-03,Philippines
799,Benoite,Lutty,bluttym6@networksolutions.com,Female,475-177-2555,1978-05-13,2016-06-14,Kenya
800,Payton,Briars,pbriarsm7@hud.gov,Male,362-678-3906,1982-02-22,2020-03-24,Afghanistan
801,Udall,Brenton,ubrentonm8@wikispaces.com,Male,187-528-9117,1964-10-04,2019-07-30,Russia
802,Rudolf,McGeorge,rmcgeorgem9@oakley.com,Male,827-428-2770,1989-11-09,2013-03-13,Nigeria
803,Durante,Winsley,dwinsleyma@privacy.gov.au,Male,398-451-5891,1963-04-21,2019-04-16,France
804,Duffie,Schafer,dschafermb@nbcnews.com,Male,355-146-0088,1969-09-23,2020-07-13,Indonesia
805,Manolo,Massenhove,mmassenhovemc@sitemeter.com,Male,501-159-1562,1980-06-30,2021-08-16,France
806,Cariotta,Wasling,cwaslingmd@fotki.com,Female,998-112-5141,1973-08-07,2018-09-19,Canada
807,Montgomery,Jeaffreson,mjeaffresonme@reuters.com,Male,476-904-9977,1970-02-18,2020-12-08,China
808,Henrie,Simone,hsimonemf@addtoany.com,Female,457-383-3603,1984-09-26,2021-05-24,Poland
809,Eberhard,Mazillius,emazilliusmg@archive.org,Male,871-638-0538,1973-08-16,2020-07-11,China
810,Gilberte,Wescott,gwescottmh@usa.gov,Female,561-311-7640,1977-04-02,2021-04-05,Macedonia
811,Xavier,Felton,xfeltonmi@apache.org,Male,424-878-0807,1969-09-05,2017-05-11,China
812,Lucinda,Dransfield,ldransfieldmj@redcross.org,Female,959-564-6205,1968-04-08,2018-07-30,Israel
813,Andres,Gorringe,agorringemk@skyrock.com,Male,931-571-5808,1962-05-10,2019-04-05,Poland
814,Mathian,Sandyfirth,msandyfirthml@drupal.org,Male,289-290-7692,1950-07-07,2014-08-09,Luxembourg
815,Rabi,Nowakowski,rnowakowskimm@paypal.com,Male,632-760-7447,1966-03-08,2016-08-20,Jamaica
816,Effie,Sankey,esankeymn@craigslist.org,Female,489-318-5223,1973-12-25,2012-09-15,China
817,Arte,Huddles,ahuddlesmo@springer.com,Male,907-326-9940,1982-10-26,2018-06-28,Cameroon
818,Carolan,Olyfat,colyfatmp@prlog.org,Female,971-584-9574,1959-05-17,2014-04-20,Indonesia
819,Jackson,Silbersak,jsilbersakmq@wikispaces.com,Male,732-991-4150,1974-05-17,2014-09-21,Egypt
820,Sophronia,Dallison,sdallisonmr@gravatar.com,Female,495-607-3902,1983-05-31,2018-02-11,Brazil
821,Kandace,Campanelli,kcampanellims@elegantthemes.com,Female,466-941-3642,1954-12-09,2020-02-01,Russia
822,Vaclav,Mallen,vmallenmt@webnode.com,Male,219-128-1043,1952-01-17,2019-12-05,China
823,Trixy,Pocklington,tpocklingtonmu@uol.com.br,Female,676-687-2706,1989-05-13,2012-04-12,Serbia
824,Anatola,Hardisty,ahardistymv@arizona.edu,Female,999-293-4134,1950-07-23,2013-11-01,China
825,Florian,Garthland,fgarthlandmw@cdc.gov,Male,779-910-7057,1959-12-28,2019-03-17,China
826,Warner,Worlidge,wworlidgemx@biblegateway.com,Male,790-488-8269,1983-06-30,2017-08-23,Japan
827,Junia,De Vile,jdevilemy@nyu.edu,Female,306-123-9368,1962-12-23,2019-06-16,China
828,Brose,Gatheral,bgatheralmz@microsoft.com,Male,779-677-7741,1960-07-17,2017-10-21,Russia
829,Kelcey,Renals,krenalsn0@weibo.com,Female,866-294-9609,1971-03-26,2016-11-12,Thailand
830,Karola,Sommerlin,ksommerlinn1@wikia.com,Female,805-270-7587,1964-09-25,2021-03-30,Taiwan
831,Delmor,Ravilious,draviliousn2@parallels.com,Male,398-675-6328,1987-03-11,2019-10-16,Angola
832,Felix,Polle,fpollen3@sfgate.com,Male,853-963-2538,1970-01-04,2021-08-17,Nigeria
833,Ber,Vasovic,bvasovicn4@google.ru,Male,494-367-4113,1963-08-20,2013-03-29,Indonesia
834,Kim,Shoosmith,kshoosmithn5@joomla.org,Female,605-540-8138,1959-09-11,2017-09-13,Tanzania
835,Fiona,Gunthorp,fgunthorpn6@businessweek.com,Female,168-452-9563,1961-02-25,2020-05-01,Serbia
836,Catharina,Youens,cyouensn7@merriam-webster.com,Female,298-494-5491,1970-06-14,2016-06-09,China
837,Rodrigo,Darrell,rdarrelln8@cmu.edu,Male,218-540-9673,1971-05-11,2014-03-02,Japan
838,Arden,Luciano,alucianon9@theglobeandmail.com,Female,283-340-3547,1981-02-23,2020-08-18,Honduras
839,Adena,Mucci,amuccina@stanford.edu,Female,763-726-3616,1956-09-02,2017-09-09,Russia
840,Sheridan,Marryatt,smarryattnb@state.tx.us,Male,689-722-1834,1954-11-09,2012-07-22,Nigeria
841,Janos,Matthewman,jmatthewmannc@sohu.com,Male,576-893-3016,1955-04-13,2021-05-24,Sweden
842,Shurwood,Belfit,sbelfitnd@google.com.br,Male,409-771-7730,1974-12-07,2018-08-25,Thailand
843,Malina,Drioli,mdrioline@nymag.com,Female,371-357-0131,1984-03-19,2014-10-29,Colombia
844,Pavel,Rosone,prosonenf@macromedia.com,Male,195-581-1998,1985-07-13,2019-04-07,Indonesia
845,Kitti,Ceaser,kceaserng@upenn.edu,Female,694-605-8198,1965-08-05,2012-02-04,China
846,Erny,Chatten,echattennh@rakuten.co.jp,Male,259-310-4697,1989-07-29,2016-12-08,China
847,Rooney,Scocroft,rscocroftni@blog.com,Male,170-428-2815,1955-12-27,2021-06-28,Ecuador
848,Durward,Olenikov,dolenikovnj@amazon.co.jp,Male,958-651-9269,1985-07-04,2016-09-10,France
849,Sissie,Bellam,sbellamnk@go.com,Female,105-822-6809,1971-04-27,2017-06-15,Nigeria
850,Davidde,Cowdroy,dcowdroynl@amazonaws.com,Male,942-989-4290,1987-04-02,2018-07-07,Indonesia
851,Andrea,Collet,acolletnm@samsung.com,Female,628-416-1965,1951-11-20,2012-08-23,Sweden
852,Rriocard,Fraczkiewicz,rfraczkiewicznn@yahoo.com,Male,789-436-6397,1973-12-17,2015-06-03,Philippines
853,Vassili,Pendre,vpendreno@weather.com,Male,625-352-0768,1963-05-07,2012-10-16,Peru
854,Jock,Buttrick,jbuttricknp@yale.edu,Male,833-633-4318,1981-02-19,2020-11-05,Greece
855,Ambrosi,Rait,araitnq@slideshare.net,Male,108-983-5651,1978-12-10,2014-08-05,Portugal
856,Annalise,O'Keaveny,aokeavenynr@amazonaws.com,Female,999-156-1637,1974-08-24,2020-10-13,Peru
857,Dalenna,Alvarez,dalvarezns@histats.com,Female,825-450-7260,1968-11-11,2013-09-20,China
858,Shanie,Batecok,sbatecoknt@bigcartel.com,Female,248-889-3886,1986-11-25,2018-04-09,Brazil
859,Aharon,Duckers,aduckersnu@freewebs.com,Male,213-281-8098,1966-04-16,2019-01-22,France
860,Leone,Germann,lgermannnv@desdev.cn,Female,847-321-7820,1977-10-30,2019-07-15,Russia
861,Elinore,Kaplan,ekaplannw@about.com,Female,498-782-4473,1959-12-09,2017-05-02,Nicaragua
862,Wilbur,Kittle,wkittlenx@feedburner.com,Male,513-507-7870,1988-10-26,2020-01-12,Philippines
863,Celestine,Deschelle,cdeschelleny@myspace.com,Female,109-584-8374,1974-01-17,2019-05-10,Equatorial Guinea
864,Georgia,Basek,gbaseknz@dot.gov,Female,715-257-5606,1953-11-15,2014-02-25,Macedonia
865,Edyth,Smewings,esmewingso0@google.co.uk,Female,784-395-9874,1952-07-01,2014-10-06,Greece
866,Cecilia,Filippov,cfilippovo1@tinyurl.com,Female,888-828-9104,1988-03-31,2017-06-23,North Korea
867,Dorisa,Austing,daustingo2@topsy.com,Female,413-851-6248,1964-04-22,2013-05-10,Iraq
868,Chlo,Escott,cescotto3@csmonitor.com,Female,503-314-9982,1985-09-21,2021-04-22,China
869,Zacharia,Cayle,zcayleo4@patch.com,Male,665-585-3856,1958-03-18,2012-08-04,China
870,Lanie,Brandolini,lbrandolinio5@canalblog.com,Male,828-420-8538,1951-12-10,2015-05-14,Greece
871,Annemarie,Menichini,amenichinio6@multiply.com,Female,515-157-4235,1962-04-08,2020-01-23,Poland
872,Archie,Tander,atandero7@w3.org,Male,990-373-1337,1970-11-29,2017-01-31,Ethiopia
873,Jasun,Gritsunov,jgritsunovo8@google.pl,Male,771-907-5657,1969-02-28,2014-04-05,Japan
874,Trent,North,tnortho9@vistaprint.com,Male,445-371-8746,1975-12-24,2020-10-31,Jamaica
875,Tarrah,Fenech,tfenechoa@ezinearticles.com,Female,806-142-7140,1961-09-29,2018-11-14,Cuba
876,Fritz,Mussolini,fmussoliniob@house.gov,Male,302-102-6202,1952-07-16,2014-12-27,Russia
877,Danice,Streater,dstreateroc@flavors.me,Female,895-503-7933,1985-07-06,2019-08-04,Honduras
878,Ollie,Pettyfar,opettyfarod@imgur.com,Female,213-790-7309,1960-10-01,2014-03-27,China
879,Lilly,Juliff,ljuliffoe@wordpress.com,Female,376-561-6345,1974-02-26,2019-08-29,Sweden
880,Magda,Takos,mtakosof@fastcompany.com,Female,390-892-5916,1968-10-05,2012-01-09,Indonesia
881,Arie,Kille,akilleog@geocities.com,Male,664-716-8360,1967-01-15,2019-08-03,Mexico
882,Gregorio,Aslin,gaslinoh@baidu.com,Male,488-510-5415,1988-07-10,2015-07-27,Paraguay
883,Betty,Dykins,bdykinsoi@archive.org,Female,538-397-3427,1971-09-16,2020-09-10,China
884,Aldo,Van Der Walt,avanderwaltoj@wordpress.org,Male,509-183-4404,1957-11-01,2020-04-30,Japan
885,Jeanie,Golborn,jgolbornok@prnewswire.com,Female,319-442-5766,1987-07-16,2016-11-08,Kenya
886,Sherie,Lempenny,slempennyol@geocities.com,Female,624-665-3159,1963-02-07,2016-01-17,France
887,Tildie,Convery,tconveryom@ibm.com,Female,733-274-1198,1989-06-02,2021-06-06,Argentina
888,Adelle,Bahike,abahikeon@virginia.edu,Female,323-122-1324,1958-11-22,2015-04-02,France
889,Basilius,Duny,bdunyoo@youku.com,Male,265-771-4436,1950-08-03,2020-08-05,China
890,Terencio,Shelp,tshelpop@alexa.com,Male,649-491-9729,1978-02-09,2020-04-10,Portugal
891,Germaine,Chasmer,gchasmeroq@microsoft.com,Female,743-307-1462,1978-10-25,2016-11-03,China
892,Gerik,Krystek,gkrystekor@bbb.org,Male,277-246-4562,1951-09-06,2014-05-05,France
893,Sloane,Menego,smenegoos@chronoengine.com,Male,951-799-4343,1958-11-16,2019-08-17,Morocco
894,Dniren,Abramino,dabraminoot@vinaora.com,Female,978-171-6257,1987-04-23,2018-11-17,China
895,Terrance,Sarjent,tsarjentou@forbes.com,Male,155-823-7272,1957-12-09,2016-04-22,China
896,Waylin,Berrygun,wberrygunov@shop-pro.jp,Male,678-676-2256,1987-09-12,2019-12-08,China
897,Nels,Piggot,npiggotow@about.com,Male,984-574-3786,1963-09-18,2017-07-10,Poland
898,Nelli,Gaucher,ngaucherox@bloglovin.com,Female,356-520-5804,1966-08-19,2016-08-30,Belarus
899,Bordie,Dinsmore,bdinsmoreoy@ed.gov,Male,487-761-7597,1967-05-03,2020-07-09,China
900,Luther,Berkley,lberkleyoz@seattletimes.com,Male,302-976-7810,1970-01-04,2013-01-22,Bulgaria
901,Alisander,Heisham,aheishamp0@ucoz.com,Male,238-109-8409,1989-09-24,2021-01-11,Indonesia
902,Brew,Exton,bextonp1@bing.com,Male,869-514-8391,1963-09-10,2013-01-09,Czech Republic
903,Cleveland,Fanthome,cfanthomep2@privacy.gov.au,Male,564-217-4025,1969-05-11,2014-07-21,Ukraine
904,Maxi,Harrell,mharrellp3@msu.edu,Female,937-163-9492,1954-06-07,2015-03-10,China
905,Salomon,Boulger,sboulgerp4@t.co,Male,832-381-5853,1955-03-15,2014-05-25,Portugal
906,Minnaminnie,Ianni,miannip5@ed.gov,Female,137-158-7827,1975-05-03,2018-08-31,Bosnia and Herzegovina
907,Lyndsie,Diddams,ldiddamsp6@desdev.cn,Female,473-225-1333,1985-08-16,2019-09-10,China
908,Bendicty,Iacovazzi,biacovazzip7@soundcloud.com,Male,528-225-3819,1954-02-24,2021-05-09,China
909,Farra,Smallacombe,fsmallacombep8@virginia.edu,Female,588-395-2369,1972-10-23,2015-12-26,South Africa
910,Willard,Fuster,wfusterp9@blinklist.com,Male,920-677-9316,1959-09-07,2016-02-25,China
911,Candi,Hazelden,chazeldenpa@paypal.com,Female,519-551-2635,1971-05-08,2019-01-08,Portugal
912,Alic,Minto,amintopb@ucoz.ru,Male,474-748-2043,1972-08-29,2019-03-16,Poland
913,Dahlia,Tidgewell,dtidgewellpc@squidoo.com,Female,754-802-3296,1956-05-22,2015-03-22,Russia
914,Rozanna,Jedrzaszkiewicz,rjedrzaszkiewiczpd@canalblog.com,Female,461-657-0969,1951-12-29,2016-10-03,Japan
915,Maximilianus,Dewire,mdewirepe@blinklist.com,Male,877-772-6378,1966-02-10,2017-05-25,France
916,Wallie,Kirman,wkirmanpf@opera.com,Female,782-850-1127,1985-07-14,2017-09-20,Colombia
917,Mariette,Lahive,mlahivepg@goo.ne.jp,Female,552-932-0182,1957-02-26,2012-06-01,Peru
918,Wyatt,Adolthine,wadolthineph@miibeian.gov.cn,Male,317-709-6927,1982-12-31,2015-01-11,Philippines
919,Tabby,Chitson,tchitsonpi@istockphoto.com,Male,418-771-4456,1960-09-17,2021-09-08,Thailand
920,Zaccaria,McElane,zmcelanepj@google.com.hk,Male,778-567-0198,1989-01-09,2021-05-04,Portugal
921,Rube,Moorwood,rmoorwoodpk@wiley.com,Male,857-860-9556,1974-01-15,2021-09-25,Greece
922,Moyna,Bruyns,mbruynspl@i2i.jp,Female,852-872-4198,1974-08-13,2017-07-18,Serbia
923,Trudey,Bourges,tbourgespm@independent.co.uk,Female,212-407-7261,1962-08-24,2014-09-04,United States
924,Augustine,Durkin,adurkinpn@w3.org,Male,875-664-5361,1961-07-27,2013-01-19,Colombia
925,Madlin,Andreasen,mandreasenpo@yelp.com,Female,473-290-0747,1956-07-01,2020-04-06,Luxembourg
926,Seumas,Knibbs,sknibbspp@123-reg.co.uk,Male,866-648-7447,1959-01-20,2016-09-12,Brazil
927,Julieta,Colisbe,jcolisbepq@goo.ne.jp,Female,910-771-8422,1967-11-19,2019-03-27,Brazil
928,Angeli,Osmon,aosmonpr@virginia.edu,Male,492-617-4443,1960-03-11,2013-08-29,Venezuela
929,Marga,Grunnill,mgrunnillps@multiply.com,Female,458-617-9738,1979-01-04,2013-02-11,Indonesia
930,Lana,Broker,lbrokerpt@chronoengine.com,Female,431-143-8927,1963-04-08,2012-11-25,Morocco
931,Evangeline,Van Der Vlies,evandervliespu@webeden.co.uk,Female,558-625-2201,1975-04-16,2021-01-30,Russia
932,Brittney,Rahl,brahlpv@ovh.net,Female,522-741-4134,1984-04-12,2018-07-31,China
933,Benito,Brockway,bbrockwaypw@blogger.com,Male,335-420-1301,1978-06-09,2018-06-01,Ukraine
934,Bartholomeo,Crankshaw,bcrankshawpx@admin.ch,Male,116-757-2935,1982-12-10,2014-05-05,Indonesia
935,Stefa,Starkie,sstarkiepy@disqus.com,Female,137-481-3724,1980-07-11,2019-02-18,Ukraine
936,Grantham,Haggett,ghaggettpz@csmonitor.com,Male,267-741-5956,1987-07-02,2017-04-02,China
937,Verla,Fitzackerley,vfitzackerleyq0@dropbox.com,Female,232-587-0234,1985-03-31,2016-03-18,China
938,Hieronymus,Wastling,hwastlingq1@wix.com,Male,726-521-4309,1986-08-20,2019-07-08,Portugal
939,Salim,Keems,skeemsq2@unblog.fr,Male,125-944-0604,1981-08-02,2019-10-28,Uzbekistan
940,Barbara,Message,bmessageq3@ameblo.jp,Female,781-238-9245,1969-02-07,2020-02-14,Brazil
941,Haley,Eastop,heastopq4@clickbank.net,Male,704-141-5172,1975-07-15,2014-03-29,China
942,Humphrey,Pinwill,hpinwillq5@aboutads.info,Male,874-711-8432,1967-03-02,2020-12-24,Sweden
943,Jeffy,Storrock,jstorrockq6@wunderground.com,Male,217-877-3120,1982-05-12,2014-09-21,China
944,Lorry,Beswetherick,lbeswetherickq7@hibu.com,Female,878-339-0368,1974-08-09,2019-05-01,Netherlands
945,Kean,Lope,klopeq8@indiatimes.com,Male,583-156-9306,1962-02-27,2018-08-05,France
946,Jordon,Bensusan,jbensusanq9@uol.com.br,Male,401-260-1101,1984-11-08,2021-12-28,Ukraine
947,Lizabeth,Hatzar,lhatzarqa@edublogs.org,Female,851-222-2587,1963-08-15,2020-01-03,Malaysia
948,Thadeus,Leary,tlearyqb@sourceforge.net,Male,669-163-7714,1982-09-14,2021-08-17,Russia
949,Ingra,Reyne,ireyneqc@odnoklassniki.ru,Male,901-262-2808,1969-10-14,2014-01-17,Nicaragua
950,Rosalinda,Baumadier,rbaumadierqd@nba.com,Female,945-608-8788,1988-03-09,2015-05-30,China
951,Faulkner,Greenhouse,fgreenhouseqe@omniture.com,Male,354-411-9670,1989-05-03,2012-11-17,Mongolia
952,Jared,Petrovykh,jpetrovykhqf@mit.edu,Male,902-744-8830,1970-09-03,2012-04-07,Yemen
953,Rebe,Carden,rcardenqg@java.com,Female,845-981-0443,1952-09-29,2012-04-22,Malta
954,Merissa,MacElroy,mmacelroyqh@360.cn,Female,805-659-0289,1957-01-01,2021-12-02,Finland
955,Frank,Yacobsohn,fyacobsohnqi@wufoo.com,Male,286-686-0984,1986-09-25,2019-04-19,Philippines
956,Layla,Camilio,lcamilioqj@skype.com,Female,240-146-9896,1965-12-11,2014-01-21,China
957,Prisca,Pearcey,ppearceyqk@feedburner.com,Female,388-391-6611,1951-12-27,2015-03-01,Kazakhstan
958,Chick,Giacobillo,cgiacobilloql@behance.net,Male,918-499-1968,1970-08-16,2021-01-31,Indonesia
959,Leta,Reggiani,lreggianiqm@people.com.cn,Female,195-724-1455,1975-09-06,2020-07-19,Portugal
960,Grace,Uphill,guphillqn@bloomberg.com,Female,526-195-0426,1977-01-29,2016-11-25,China
961,Giraud,Manuel,gmanuelqo@ow.ly,Male,391-509-4940,1955-11-24,2015-10-06,Poland
962,Gerri,Boc,gbocqp@netvibes.com,Female,484-465-4446,1973-10-07,2015-06-18,Croatia
963,Brigit,Pietersma,bpietersmaqq@indiatimes.com,Female,208-947-6741,1963-08-05,2017-09-28,Portugal
964,Anstice,Ginnety,aginnetyqr@goo.gl,Female,410-898-7160,1983-12-13,2015-03-05,Portugal
965,Xylia,Breeds,xbreedsqs@csmonitor.com,Female,999-689-6828,1976-04-15,2018-08-10,Canada
966,Margot,Shephard,mshephardqt@jugem.jp,Female,697-429-3434,1980-06-17,2019-03-13,Brazil
967,Jillana,Budibent,jbudibentqu@dot.gov,Female,503-816-8389,1988-10-25,2020-02-27,Sweden
968,Chrotoem,Mebs,cmebsqv@dot.gov,Male,107-267-4067,1988-02-24,2020-01-03,Colombia
969,Tabbi,Slegg,tsleggqw@joomla.org,Female,209-172-3422,1989-07-26,2021-12-19,Indonesia
970,Shem,Staig,sstaigqx@skyrock.com,Male,595-268-1872,1972-12-07,2012-02-24,Ukraine
971,Sofia,Comelini,scomeliniqy@gravatar.com,Female,144-465-2324,1957-02-09,2013-12-01,Bosnia and Herzegovina
972,Lynett,Camoletto,lcamolettoqz@archive.org,Female,445-705-8892,1967-03-08,2018-05-02,Indonesia
973,Tommy,Capps,tcappsr0@virginia.edu,Female,676-244-8014,1972-11-18,2018-05-21,Indonesia
974,Anastassia,Noble,anobler1@usatoday.com,Female,161-356-6252,1980-04-28,2020-05-08,Afghanistan
975,Worthington,Revitt,wrevittr2@goo.ne.jp,Male,910-274-4682,1950-04-04,2014-09-04,China
976,Emera,Tether,etetherr3@businessinsider.com,Female,343-947-6624,1967-12-03,2012-04-12,Philippines
977,Agna,Shearman,ashearmanr4@addtoany.com,Female,908-179-1600,1964-03-26,2015-09-04,Georgia
978,Maura,Bartlam,mbartlamr5@oaic.gov.au,Female,570-364-6070,1973-08-04,2013-10-20,Netherlands
979,Laurens,Romanin,lromaninr6@seesaa.net,Male,265-908-1728,1960-06-29,2013-05-02,Poland
980,Brien,Sawter,bsawterr7@pbs.org,Male,285-651-3056,1955-10-19,2021-05-02,China
981,Dalenna,Cubbinelli,dcubbinellir8@globo.com,Female,657-892-3419,1980-08-20,2013-03-18,Philippines
982,Colan,Kasparski,ckasparskir9@youtube.com,Male,532-475-6748,1965-01-21,2019-07-28,China
983,Carissa,Giacometti,cgiacomettira@hp.com,Female,588-584-8838,1954-04-30,2017-07-23,Indonesia
984,Agustin,Dami,adamirb@last.fm,Male,641-661-4952,1988-08-28,2018-03-01,Sri Lanka
985,Christiano,Tuminelli,ctuminellirc@reverbnation.com,Male,340-831-5346,1960-09-07,2013-12-07,Philippines
986,Phebe,Gourlay,pgourlayrd@ning.com,Female,564-229-2610,1988-05-19,2013-03-29,China
987,Elora,Tarn,etarnre@jugem.jp,Female,816-727-3032,1953-05-11,2017-11-11,Portugal
988,Johannes,Fealey,jfealeyrf@wordpress.org,Male,387-209-1878,1964-05-05,2018-11-25,France
989,Fernando,Decourcy,fdecourcyrg@ucla.edu,Male,956-880-8207,1961-05-11,2018-04-21,Belarus
990,Vito,Tort,vtortrh@google.it,Male,940-128-0302,1958-01-05,2017-09-07,Philippines
991,Ellynn,Davidai,edavidairi@scribd.com,Female,805-734-2154,1971-06-01,2020-06-22,Indonesia
992,Hinze,Melding,hmeldingrj@hao123.com,Male,522-407-1823,1989-12-08,2021-08-21,Brazil
993,Clive,Cheatle,ccheatlerk@miitbeian.gov.cn,Male,433-692-3780,1988-06-30,2014-09-18,Norway
994,Audrie,Gaunson,agaunsonrl@weather.com,Female,753-886-3357,1983-02-13,2015-09-27,Montserrat
995,Charla,Pizzie,cpizzierm@cbc.ca,Female,616-138-0039,1965-12-29,2017-12-05,Portugal
996,Konstantin,Habbijam,khabbijamrn@about.com,Male,611-319-3878,1951-07-04,2014-12-08,Greece
997,Merrel,Swainger,mswaingerro@youtu.be,Male,818-550-6997,1967-03-11,2017-08-20,China
998,Hillary,Purkins,hpurkinsrp@blogs.com,Male,457-906-3087,1957-05-21,2016-05-13,Russia
999,Tam,Rembrandt,trembrandtrq@tiny.cc,Male,522-414-7340,1989-05-09,2021-09-09,Philippines
1000,Loleta,Bingall,lbingallrr@topsy.com,Female,674-380-5731,1970-11-04,2018-10-09,Tanzania
